day_idx,day_name,time,required_headcount,coverage_Operators,coverage_Technicians,actual_coverage,required_Operators,required_Technicians
0,Monday,00:00,0,0.0,8.0,8.0,0,0
0,Monday,00:05,0,0.0,8.0,8.0,0,0
0,Monday,00:10,0,0.0,8.0,8.0,0,0
0,Monday,00:15,0,0.0,8.0,8.0,0,0
0,Monday,00:20,0,0.0,8.0,8.0,0,0
0,Monday,00:25,0,0.0,8.0,8.0,0,0
0,Monday,00:30,8,0.0,8.0,8.0,0,8
0,Monday,00:35,8,0.0,8.0,8.0,0,8
0,Monday,00:40,8,0.0,8.0,8.0,0,8
0,Monday,00:45,8,0.0,8.0,8.0,0,8
0,Monday,00:50,8,0.0,8.0,8.0,0,8
0,Monday,00:55,8,0.0,8.0,8.0,0,8
0,Monday,01:00,2,13.0,8.0,21.0,0,2
0,Monday,01:05,2,13.0,8.0,21.0,0,2
0,Monday,01:10,2,13.0,8.0,21.0,0,2
0,Monday,01:15,2,13.0,8.0,21.0,0,2
0,Monday,01:20,2,13.0,8.0,21.0,0,2
0,Monday,01:25,2,13.0,8.0,21.0,0,2
0,Monday,01:30,5,13.0,8.0,21.0,5,0
0,Monday,01:35,5,13.0,8.0,21.0,5,0
0,Monday,01:40,5,13.0,8.0,21.0,5,0
0,Monday,01:45,5,13.0,8.0,21.0,5,0
0,Monday,01:50,5,13.0,8.0,21.0,5,0
0,Monday,01:55,5,13.0,8.0,21.0,5,0
0,Monday,02:00,5,13.0,8.0,21.0,0,5
0,Monday,02:05,5,13.0,8.0,21.0,0,5
0,Monday,02:10,5,13.0,8.0,21.0,0,5
0,Monday,02:15,5,13.0,8.0,21.0,0,5
0,Monday,02:20,5,13.0,8.0,21.0,0,5
0,Monday,02:25,5,13.0,8.0,21.0,0,5
0,Monday,02:30,5,13.0,8.0,21.0,0,5
0,Monday,02:35,5,13.0,8.0,21.0,0,5
0,Monday,02:40,5,13.0,8.0,21.0,0,5
0,Monday,02:45,5,13.0,8.0,21.0,0,5
0,Monday,02:50,5,13.0,8.0,21.0,0,5
0,Monday,02:55,5,13.0,8.0,21.0,0,5
0,Monday,03:00,5,13.0,8.0,21.0,0,5
0,Monday,03:05,5,13.0,8.0,21.0,0,5
0,Monday,03:10,5,13.0,8.0,21.0,0,5
0,Monday,03:15,5,13.0,8.0,21.0,0,5
0,Monday,03:20,5,13.0,8.0,21.0,0,5
0,Monday,03:25,5,13.0,8.0,21.0,0,5
0,Monday,03:30,0,13.0,8.0,21.0,0,0
0,Monday,03:35,0,13.0,8.0,21.0,0,0
0,Monday,03:40,0,13.0,8.0,21.0,0,0
0,Monday,03:45,0,13.0,8.0,21.0,0,0
0,Monday,03:50,0,13.0,8.0,21.0,0,0
0,Monday,03:55,0,13.0,8.0,21.0,0,0
0,Monday,04:00,8,13.0,8.0,21.0,0,8
0,Monday,04:05,8,13.0,8.0,21.0,0,8
0,Monday,04:10,8,13.0,8.0,21.0,0,8
0,Monday,04:15,8,13.0,8.0,21.0,0,8
0,Monday,04:20,8,13.0,8.0,21.0,0,8
0,Monday,04:25,8,13.0,8.0,21.0,0,8
0,Monday,04:30,2,13.0,8.0,21.0,0,2
0,Monday,04:35,2,13.0,8.0,21.0,0,2
0,Monday,04:40,2,13.0,8.0,21.0,0,2
0,Monday,04:45,2,13.0,8.0,21.0,0,2
0,Monday,04:50,2,13.0,8.0,21.0,0,2
0,Monday,04:55,2,13.0,8.0,21.0,0,2
0,Monday,05:00,0,13.0,8.0,21.0,0,0
0,Monday,05:05,0,13.0,8.0,21.0,0,0
0,Monday,05:10,0,13.0,8.0,21.0,0,0
0,Monday,05:15,2,13.0,8.0,21.0,1,1
0,Monday,05:20,2,13.0,8.0,21.0,1,1
0,Monday,05:25,3,13.0,8.0,21.0,1,2
0,Monday,05:30,5,13.0,8.0,21.0,4,1
0,Monday,05:35,5,13.0,8.0,21.0,4,1
0,Monday,05:40,7,13.0,8.0,21.0,5,2
0,Monday,05:45,8,13.0,8.0,21.0,5,3
0,Monday,05:50,10,13.0,8.0,21.0,6,4
0,Monday,05:55,12,13.0,8.0,21.0,7,5
0,Monday,06:00,22,36.0,49.0,85.0,8,14
0,Monday,06:05,28,36.0,49.0,85.0,13,15
0,Monday,06:10,38,36.0,49.0,85.0,21,17
0,Monday,06:15,48,36.0,49.0,85.0,30,18
0,Monday,06:20,56,36.0,49.0,85.0,36,20
0,Monday,06:25,58,36.0,49.0,85.0,36,22
0,Monday,06:30,49,36.0,49.0,85.0,31,18
0,Monday,06:35,42,36.0,49.0,85.0,23,19
0,Monday,06:40,37,36.0,49.0,85.0,17,20
0,Monday,06:45,35,36.0,49.0,85.0,14,21
0,Monday,06:50,35,36.0,49.0,85.0,13,22
0,Monday,06:55,36,36.0,49.0,85.0,13,23
0,Monday,07:00,36,36.0,49.0,85.0,11,25
0,Monday,07:05,40,36.0,49.0,85.0,12,28
0,Monday,07:10,46,36.0,49.0,85.0,12,34
0,Monday,07:15,55,36.0,49.0,85.0,13,42
0,Monday,07:20,62,36.0,49.0,85.0,14,48
0,Monday,07:25,63,36.0,49.0,85.0,14,49
0,Monday,07:30,67,36.0,49.0,85.0,20,47
0,Monday,07:35,61,36.0,49.0,85.0,21,40
0,Monday,07:40,57,36.0,49.0,85.0,22,35
0,Monday,07:45,54,36.0,49.0,85.0,22,32
0,Monday,07:50,54,36.0,49.0,85.0,23,31
0,Monday,07:55,55,36.0,49.0,85.0,24,31
0,Monday,08:00,51,36.0,49.0,85.0,22,29
0,Monday,08:05,52,36.0,49.0,85.0,23,29
0,Monday,08:10,51,36.0,49.0,85.0,23,28
0,Monday,08:15,51,36.0,49.0,85.0,23,28
0,Monday,08:20,52,36.0,49.0,85.0,24,28
0,Monday,08:25,51,36.0,49.0,85.0,24,27
0,Monday,08:30,56,36.0,49.0,85.0,24,32
0,Monday,08:35,56,36.0,49.0,85.0,25,31
0,Monday,08:40,55,36.0,49.0,85.0,25,30
0,Monday,08:45,55,36.0,49.0,85.0,25,30
0,Monday,08:50,54,36.0,49.0,85.0,25,29
0,Monday,08:55,52,36.0,49.0,85.0,24,28
0,Monday,09:00,46,23.0,41.0,64.0,22,24
0,Monday,09:05,45,23.0,41.0,64.0,22,23
0,Monday,09:10,44,23.0,41.0,64.0,22,22
0,Monday,09:15,42,23.0,41.0,64.0,21,21
0,Monday,09:20,41,23.0,41.0,64.0,21,20
0,Monday,09:25,39,23.0,41.0,64.0,20,19
0,Monday,09:30,38,23.0,41.0,64.0,21,17
0,Monday,09:35,36,23.0,41.0,64.0,20,16
0,Monday,09:40,33,23.0,41.0,64.0,18,15
0,Monday,09:45,30,23.0,41.0,64.0,16,14
0,Monday,09:50,26,23.0,41.0,64.0,13,13
0,Monday,09:55,22,23.0,41.0,64.0,10,12
0,Monday,10:00,21,23.0,41.0,64.0,5,16
0,Monday,10:05,20,23.0,41.0,64.0,4,16
0,Monday,10:10,19,23.0,41.0,64.0,4,15
0,Monday,10:15,19,23.0,41.0,64.0,5,14
0,Monday,10:20,21,23.0,41.0,64.0,7,14
0,Monday,10:25,20,23.0,41.0,64.0,7,13
0,Monday,10:30,24,23.0,41.0,64.0,11,13
0,Monday,10:35,21,23.0,41.0,64.0,9,12
0,Monday,10:40,18,23.0,41.0,64.0,6,12
0,Monday,10:45,13,23.0,41.0,64.0,2,11
0,Monday,10:50,11,23.0,41.0,64.0,0,11
0,Monday,10:55,11,23.0,41.0,64.0,0,11
0,Monday,11:00,8,19.0,18.0,37.0,1,7
0,Monday,11:05,10,19.0,18.0,37.0,3,7
0,Monday,11:10,13,19.0,18.0,37.0,6,7
0,Monday,11:15,15,19.0,18.0,37.0,8,7
0,Monday,11:20,15,19.0,18.0,37.0,9,6
0,Monday,11:25,16,19.0,18.0,37.0,10,6
0,Monday,11:30,12,19.0,18.0,37.0,6,6
0,Monday,11:35,12,19.0,18.0,37.0,6,6
0,Monday,11:40,11,19.0,18.0,37.0,6,5
0,Monday,11:45,9,19.0,18.0,37.0,5,4
0,Monday,11:50,7,19.0,18.0,37.0,5,2
0,Monday,11:55,5,19.0,18.0,37.0,5,0
0,Monday,12:00,10,19.0,18.0,37.0,7,3
0,Monday,12:05,8,19.0,18.0,37.0,7,1
0,Monday,12:10,8,19.0,18.0,37.0,7,1
0,Monday,12:15,9,19.0,18.0,37.0,7,2
0,Monday,12:20,12,19.0,18.0,37.0,7,5
0,Monday,12:25,14,19.0,18.0,37.0,6,8
0,Monday,12:30,9,19.0,18.0,37.0,7,2
0,Monday,12:35,9,19.0,18.0,37.0,5,4
0,Monday,12:40,9,19.0,18.0,37.0,4,5
0,Monday,12:45,8,19.0,18.0,37.0,3,5
0,Monday,12:50,6,19.0,18.0,37.0,2,4
0,Monday,12:55,6,19.0,18.0,37.0,3,3
0,Monday,13:00,3,19.0,18.0,37.0,3,0
0,Monday,13:05,5,19.0,18.0,37.0,5,0
0,Monday,13:10,8,19.0,18.0,37.0,7,1
0,Monday,13:15,11,19.0,18.0,37.0,9,2
0,Monday,13:20,15,19.0,18.0,37.0,10,5
0,Monday,13:25,18,19.0,18.0,37.0,11,7
0,Monday,13:30,28,19.0,18.0,37.0,16,12
0,Monday,13:35,30,19.0,18.0,37.0,17,13
0,Monday,13:40,32,19.0,18.0,37.0,18,14
0,Monday,13:45,34,19.0,18.0,37.0,18,16
0,Monday,13:50,36,19.0,18.0,37.0,19,17
0,Monday,13:55,37,19.0,18.0,37.0,19,18
0,Monday,14:00,34,27.0,49.0,76.0,15,19
0,Monday,14:05,35,27.0,49.0,76.0,15,20
0,Monday,14:10,37,27.0,49.0,76.0,16,21
0,Monday,14:15,39,27.0,49.0,76.0,17,22
0,Monday,14:20,40,27.0,49.0,76.0,17,23
0,Monday,14:25,43,27.0,49.0,76.0,18,25
0,Monday,14:30,43,27.0,49.0,76.0,15,28
0,Monday,14:35,46,27.0,49.0,76.0,16,30
0,Monday,14:40,49,27.0,49.0,76.0,17,32
0,Monday,14:45,53,27.0,49.0,76.0,17,36
0,Monday,14:50,60,27.0,49.0,76.0,18,42
0,Monday,14:55,66,27.0,49.0,76.0,18,48
0,Monday,15:00,73,27.0,49.0,76.0,24,49
0,Monday,15:05,71,27.0,49.0,76.0,24,47
0,Monday,15:10,67,27.0,49.0,76.0,25,42
0,Monday,15:15,61,27.0,49.0,76.0,25,36
0,Monday,15:20,58,27.0,49.0,76.0,26,32
0,Monday,15:25,56,27.0,49.0,76.0,26,30
0,Monday,15:30,57,27.0,49.0,76.0,26,31
0,Monday,15:35,60,27.0,49.0,76.0,27,33
0,Monday,15:40,62,27.0,49.0,76.0,27,35
0,Monday,15:45,65,27.0,49.0,76.0,27,38
0,Monday,15:50,68,27.0,49.0,76.0,27,41
0,Monday,15:55,69,27.0,49.0,76.0,27,42
0,Monday,16:00,68,27.0,49.0,76.0,22,46
0,Monday,16:05,68,27.0,49.0,76.0,22,46
0,Monday,16:10,69,27.0,49.0,76.0,22,47
0,Monday,16:15,69,27.0,49.0,76.0,22,47
0,Monday,16:20,69,27.0,49.0,76.0,22,47
0,Monday,16:25,69,27.0,49.0,76.0,22,47
0,Monday,16:30,67,27.0,49.0,76.0,25,42
0,Monday,16:35,66,27.0,49.0,76.0,24,42
0,Monday,16:40,66,27.0,49.0,76.0,24,42
0,Monday,16:45,65,27.0,49.0,76.0,24,41
0,Monday,16:50,64,27.0,49.0,76.0,23,41
0,Monday,16:55,63,27.0,49.0,76.0,23,40
0,Monday,17:00,67,24.0,45.0,69.0,24,43
0,Monday,17:05,66,24.0,45.0,69.0,24,42
0,Monday,17:10,64,24.0,45.0,69.0,23,41
0,Monday,17:15,63,24.0,45.0,69.0,23,40
0,Monday,17:20,61,24.0,45.0,69.0,22,39
0,Monday,17:25,60,24.0,45.0,69.0,22,38
0,Monday,17:30,61,24.0,45.0,69.0,19,42
0,Monday,17:35,59,24.0,45.0,69.0,18,41
0,Monday,17:40,58,24.0,45.0,69.0,18,40
0,Monday,17:45,56,24.0,45.0,69.0,17,39
0,Monday,17:50,55,24.0,45.0,69.0,17,38
0,Monday,17:55,53,24.0,45.0,69.0,16,37
0,Monday,18:00,53,24.0,45.0,69.0,15,38
0,Monday,18:05,52,24.0,45.0,69.0,15,37
0,Monday,18:10,50,24.0,45.0,69.0,14,36
0,Monday,18:15,49,24.0,45.0,69.0,14,35
0,Monday,18:20,47,24.0,45.0,69.0,13,34
0,Monday,18:25,48,24.0,45.0,69.0,13,35
0,Monday,18:30,42,24.0,45.0,69.0,10,32
0,Monday,18:35,48,24.0,45.0,69.0,10,38
0,Monday,18:40,53,24.0,45.0,69.0,10,43
0,Monday,18:45,57,24.0,45.0,69.0,12,45
0,Monday,18:50,57,24.0,45.0,69.0,16,41
0,Monday,18:55,51,24.0,45.0,69.0,19,32
0,Monday,19:00,50,24.0,45.0,69.0,22,28
0,Monday,19:05,43,24.0,45.0,69.0,20,23
0,Monday,19:10,36,24.0,45.0,69.0,16,20
0,Monday,19:15,31,24.0,45.0,69.0,12,19
0,Monday,19:20,27,24.0,45.0,69.0,9,18
0,Monday,19:25,25,24.0,45.0,69.0,8,17
0,Monday,19:30,23,24.0,45.0,69.0,12,11
0,Monday,19:35,22,24.0,45.0,69.0,12,10
0,Monday,19:40,22,24.0,45.0,69.0,12,10
0,Monday,19:45,21,24.0,45.0,69.0,12,9
0,Monday,19:50,21,24.0,45.0,69.0,12,9
0,Monday,19:55,23,24.0,45.0,69.0,13,10
0,Monday,20:00,22,23.0,25.0,48.0,9,13
0,Monday,20:05,33,23.0,25.0,48.0,15,18
0,Monday,20:10,43,23.0,25.0,48.0,20,23
0,Monday,20:15,47,23.0,25.0,48.0,22,25
0,Monday,20:20,41,23.0,25.0,48.0,19,22
0,Monday,20:25,29,23.0,25.0,48.0,13,16
0,Monday,20:30,15,23.0,25.0,48.0,7,8
0,Monday,20:35,9,23.0,25.0,48.0,4,5
0,Monday,20:40,6,23.0,25.0,48.0,3,3
0,Monday,20:45,4,23.0,25.0,48.0,2,2
0,Monday,20:50,4,23.0,25.0,48.0,2,2
0,Monday,20:55,4,23.0,25.0,48.0,2,2
0,Monday,21:00,9,23.0,25.0,48.0,3,6
0,Monday,21:05,9,23.0,25.0,48.0,3,6
0,Monday,21:10,8,23.0,25.0,48.0,3,5
0,Monday,21:15,8,23.0,25.0,48.0,3,5
0,Monday,21:20,8,23.0,25.0,48.0,3,5
0,Monday,21:25,8,23.0,25.0,48.0,3,5
0,Monday,21:30,15,23.0,25.0,48.0,7,8
0,Monday,21:35,15,23.0,25.0,48.0,7,8
0,Monday,21:40,15,23.0,25.0,48.0,7,8
0,Monday,21:45,15,23.0,25.0,48.0,7,8
0,Monday,21:50,15,23.0,25.0,48.0,7,8
0,Monday,21:55,15,23.0,25.0,48.0,7,8
0,Monday,22:00,12,23.0,25.0,48.0,9,3
0,Monday,22:05,12,23.0,25.0,48.0,9,3
0,Monday,22:10,12,23.0,25.0,48.0,9,3
0,Monday,22:15,12,23.0,25.0,48.0,9,3
0,Monday,22:20,12,23.0,25.0,48.0,9,3
0,Monday,22:25,12,23.0,25.0,48.0,9,3
0,Monday,22:30,8,23.0,25.0,48.0,6,2
0,Monday,22:35,8,23.0,25.0,48.0,6,2
0,Monday,22:40,7,23.0,25.0,48.0,5,2
0,Monday,22:45,7,23.0,25.0,48.0,5,2
0,Monday,22:50,5,23.0,25.0,48.0,4,1
0,Monday,22:55,5,23.0,25.0,48.0,4,1
0,Monday,23:00,3,5.0,5.0,10.0,2,1
0,Monday,23:05,2,5.0,5.0,10.0,1,1
0,Monday,23:10,1,5.0,5.0,10.0,1,0
0,Monday,23:15,0,5.0,5.0,10.0,0,0
0,Monday,23:20,0,5.0,5.0,10.0,0,0
0,Monday,23:25,0,5.0,5.0,10.0,0,0
0,Monday,23:30,10,5.0,5.0,10.0,5,5
0,Monday,23:35,10,5.0,5.0,10.0,5,5
0,Monday,23:40,10,5.0,5.0,10.0,5,5
0,Monday,23:45,10,5.0,5.0,10.0,5,5
0,Monday,23:50,10,5.0,5.0,10.0,5,5
0,Monday,23:55,10,5.0,5.0,10.0,5,5
1,Tuesday,00:00,5,5.0,5.0,10.0,5,0
1,Tuesday,00:05,5,5.0,5.0,10.0,5,0
1,Tuesday,00:10,5,5.0,5.0,10.0,5,0
1,Tuesday,00:15,5,5.0,5.0,10.0,5,0
1,Tuesday,00:20,5,5.0,5.0,10.0,5,0
1,Tuesday,00:25,5,5.0,5.0,10.0,5,0
1,Tuesday,00:30,0,5.0,5.0,10.0,0,0
1,Tuesday,00:35,0,5.0,5.0,10.0,0,0
1,Tuesday,00:40,0,5.0,5.0,10.0,0,0
1,Tuesday,00:45,0,5.0,5.0,10.0,0,0
1,Tuesday,00:50,0,5.0,5.0,10.0,0,0
1,Tuesday,00:55,0,5.0,5.0,10.0,0,0
1,Tuesday,01:00,2,5.0,12.0,17.0,0,2
1,Tuesday,01:05,2,5.0,12.0,17.0,0,2
1,Tuesday,01:10,2,5.0,12.0,17.0,0,2
1,Tuesday,01:15,2,5.0,12.0,17.0,0,2
1,Tuesday,01:20,2,5.0,12.0,17.0,0,2
1,Tuesday,01:25,2,5.0,12.0,17.0,0,2
1,Tuesday,01:30,2,5.0,12.0,17.0,2,0
1,Tuesday,01:35,2,5.0,12.0,17.0,2,0
1,Tuesday,01:40,2,5.0,12.0,17.0,2,0
1,Tuesday,01:45,2,5.0,12.0,17.0,2,0
1,Tuesday,01:50,2,5.0,12.0,17.0,2,0
1,Tuesday,01:55,2,5.0,12.0,17.0,2,0
1,Tuesday,02:00,0,5.0,12.0,17.0,0,0
1,Tuesday,02:05,0,5.0,12.0,17.0,0,0
1,Tuesday,02:10,0,5.0,12.0,17.0,0,0
1,Tuesday,02:15,0,5.0,12.0,17.0,0,0
1,Tuesday,02:20,0,5.0,12.0,17.0,0,0
1,Tuesday,02:25,0,5.0,12.0,17.0,0,0
1,Tuesday,02:30,0,5.0,12.0,17.0,0,0
1,Tuesday,02:35,0,5.0,12.0,17.0,0,0
1,Tuesday,02:40,0,5.0,12.0,17.0,0,0
1,Tuesday,02:45,0,5.0,12.0,17.0,0,0
1,Tuesday,02:50,0,5.0,12.0,17.0,0,0
1,Tuesday,02:55,0,5.0,12.0,17.0,0,0
1,Tuesday,03:00,2,5.0,12.0,17.0,0,2
1,Tuesday,03:05,2,5.0,12.0,17.0,0,2
1,Tuesday,03:10,2,5.0,12.0,17.0,0,2
1,Tuesday,03:15,2,5.0,12.0,17.0,0,2
1,Tuesday,03:20,2,5.0,12.0,17.0,0,2
1,Tuesday,03:25,2,5.0,12.0,17.0,0,2
1,Tuesday,03:30,5,5.0,12.0,17.0,0,5
1,Tuesday,03:35,5,5.0,12.0,17.0,0,5
1,Tuesday,03:40,5,5.0,12.0,17.0,0,5
1,Tuesday,03:45,5,5.0,12.0,17.0,0,5
1,Tuesday,03:50,5,5.0,12.0,17.0,0,5
1,Tuesday,03:55,5,5.0,12.0,17.0,0,5
1,Tuesday,04:00,2,5.0,12.0,17.0,0,2
1,Tuesday,04:05,2,5.0,12.0,17.0,0,2
1,Tuesday,04:10,2,5.0,12.0,17.0,0,2
1,Tuesday,04:15,2,5.0,12.0,17.0,0,2
1,Tuesday,04:20,2,5.0,12.0,17.0,0,2
1,Tuesday,04:25,2,5.0,12.0,17.0,0,2
1,Tuesday,04:30,5,5.0,12.0,17.0,5,0
1,Tuesday,04:35,5,5.0,12.0,17.0,5,0
1,Tuesday,04:40,5,5.0,12.0,17.0,5,0
1,Tuesday,04:45,5,5.0,12.0,17.0,5,0
1,Tuesday,04:50,5,5.0,12.0,17.0,5,0
1,Tuesday,04:55,5,5.0,12.0,17.0,5,0
1,Tuesday,05:00,0,5.0,12.0,17.0,0,0
1,Tuesday,05:05,0,5.0,12.0,17.0,0,0
1,Tuesday,05:10,0,5.0,12.0,17.0,0,0
1,Tuesday,05:15,0,5.0,12.0,17.0,0,0
1,Tuesday,05:20,0,5.0,12.0,17.0,0,0
1,Tuesday,05:25,1,5.0,12.0,17.0,0,1
1,Tuesday,05:30,7,5.0,12.0,17.0,1,6
1,Tuesday,05:35,8,5.0,12.0,17.0,1,7
1,Tuesday,05:40,9,5.0,12.0,17.0,1,8
1,Tuesday,05:45,11,5.0,12.0,17.0,2,9
1,Tuesday,05:50,13,5.0,12.0,17.0,2,11
1,Tuesday,05:55,14,5.0,12.0,17.0,2,12
1,Tuesday,06:00,17,27.0,45.0,72.0,7,10
1,Tuesday,06:05,19,27.0,45.0,72.0,8,11
1,Tuesday,06:10,21,27.0,45.0,72.0,8,13
1,Tuesday,06:15,23,27.0,45.0,72.0,8,15
1,Tuesday,06:20,26,27.0,45.0,72.0,9,17
1,Tuesday,06:25,28,27.0,45.0,72.0,9,19
1,Tuesday,06:30,33,27.0,45.0,72.0,5,28
1,Tuesday,06:35,34,27.0,45.0,72.0,5,29
1,Tuesday,06:40,35,27.0,45.0,72.0,5,30
1,Tuesday,06:45,35,27.0,45.0,72.0,5,30
1,Tuesday,06:50,37,27.0,45.0,72.0,6,31
1,Tuesday,06:55,38,27.0,45.0,72.0,6,32
1,Tuesday,07:00,34,27.0,45.0,72.0,7,27
1,Tuesday,07:05,35,27.0,45.0,72.0,7,28
1,Tuesday,07:10,36,27.0,45.0,72.0,8,28
1,Tuesday,07:15,37,27.0,45.0,72.0,8,29
1,Tuesday,07:20,38,27.0,45.0,72.0,9,29
1,Tuesday,07:25,38,27.0,45.0,72.0,9,29
1,Tuesday,07:30,44,27.0,45.0,72.0,10,34
1,Tuesday,07:35,45,27.0,45.0,72.0,11,34
1,Tuesday,07:40,46,27.0,45.0,72.0,11,35
1,Tuesday,07:45,50,27.0,45.0,72.0,12,38
1,Tuesday,07:50,55,27.0,45.0,72.0,13,42
1,Tuesday,07:55,59,27.0,45.0,72.0,14,45
1,Tuesday,08:00,61,27.0,45.0,72.0,20,41
1,Tuesday,08:05,59,27.0,45.0,72.0,20,39
1,Tuesday,08:10,55,27.0,45.0,72.0,21,34
1,Tuesday,08:15,51,27.0,45.0,72.0,22,29
1,Tuesday,08:20,49,27.0,45.0,72.0,23,26
1,Tuesday,08:25,48,27.0,45.0,72.0,24,24
1,Tuesday,08:30,50,27.0,45.0,72.0,22,28
1,Tuesday,08:35,50,27.0,45.0,72.0,23,27
1,Tuesday,08:40,50,27.0,45.0,72.0,24,26
1,Tuesday,08:45,50,27.0,45.0,72.0,25,25
1,Tuesday,08:50,50,27.0,45.0,72.0,26,24
1,Tuesday,08:55,50,27.0,45.0,72.0,27,23
1,Tuesday,09:00,41,46.0,33.0,79.0,24,17
1,Tuesday,09:05,40,46.0,33.0,79.0,24,16
1,Tuesday,09:10,40,46.0,33.0,79.0,25,15
1,Tuesday,09:15,40,46.0,33.0,79.0,26,14
1,Tuesday,09:20,39,46.0,33.0,79.0,26,13
1,Tuesday,09:25,40,46.0,33.0,79.0,27,13
1,Tuesday,09:30,39,46.0,33.0,79.0,27,12
1,Tuesday,09:35,38,46.0,33.0,79.0,27,11
1,Tuesday,09:40,38,46.0,33.0,79.0,28,10
1,Tuesday,09:45,37,46.0,33.0,79.0,28,9
1,Tuesday,09:50,37,46.0,33.0,79.0,28,9
1,Tuesday,09:55,36,46.0,33.0,79.0,28,8
1,Tuesday,10:00,39,46.0,33.0,79.0,31,8
1,Tuesday,10:05,41,46.0,33.0,79.0,34,7
1,Tuesday,10:10,45,46.0,33.0,79.0,38,7
1,Tuesday,10:15,49,46.0,33.0,79.0,43,6
1,Tuesday,10:20,52,46.0,33.0,79.0,46,6
1,Tuesday,10:25,49,46.0,33.0,79.0,44,5
1,Tuesday,10:30,46,46.0,33.0,79.0,39,7
1,Tuesday,10:35,39,46.0,33.0,79.0,32,7
1,Tuesday,10:40,34,46.0,33.0,79.0,28,6
1,Tuesday,10:45,32,46.0,33.0,79.0,26,6
1,Tuesday,10:50,30,46.0,33.0,79.0,24,6
1,Tuesday,10:55,29,46.0,33.0,79.0,23,6
1,Tuesday,11:00,36,27.0,24.0,51.0,27,9
1,Tuesday,11:05,35,27.0,24.0,51.0,26,9
1,Tuesday,11:10,34,27.0,24.0,51.0,25,9
1,Tuesday,11:15,35,27.0,24.0,51.0,24,11
1,Tuesday,11:20,37,27.0,24.0,51.0,23,14
1,Tuesday,11:25,43,27.0,24.0,51.0,23,20
1,Tuesday,11:30,34,27.0,24.0,51.0,14,20
1,Tuesday,11:35,36,27.0,24.0,51.0,13,23
1,Tuesday,11:40,33,27.0,24.0,51.0,12,21
1,Tuesday,11:45,25,27.0,24.0,51.0,11,14
1,Tuesday,11:50,18,27.0,24.0,51.0,10,8
1,Tuesday,11:55,14,27.0,24.0,51.0,10,4
1,Tuesday,12:00,15,27.0,24.0,51.0,12,3
1,Tuesday,12:05,14,27.0,24.0,51.0,11,3
1,Tuesday,12:10,14,27.0,24.0,51.0,11,3
1,Tuesday,12:15,13,27.0,24.0,51.0,10,3
1,Tuesday,12:20,13,27.0,24.0,51.0,10,3
1,Tuesday,12:25,12,27.0,24.0,51.0,9,3
1,Tuesday,12:30,13,27.0,24.0,51.0,7,6
1,Tuesday,12:35,11,27.0,24.0,51.0,5,6
1,Tuesday,12:40,10,27.0,24.0,51.0,3,7
1,Tuesday,12:45,7,27.0,24.0,51.0,0,7
1,Tuesday,12:50,7,27.0,24.0,51.0,0,7
1,Tuesday,12:55,8,27.0,24.0,51.0,0,8
1,Tuesday,13:00,5,27.0,24.0,51.0,0,5
1,Tuesday,13:05,7,27.0,24.0,51.0,1,6
1,Tuesday,13:10,10,27.0,24.0,51.0,3,7
1,Tuesday,13:15,12,27.0,24.0,51.0,5,7
1,Tuesday,13:20,15,27.0,24.0,51.0,7,8
1,Tuesday,13:25,16,27.0,24.0,51.0,8,8
1,Tuesday,13:30,24,27.0,24.0,51.0,7,17
1,Tuesday,13:35,26,27.0,24.0,51.0,8,18
1,Tuesday,13:40,27,27.0,24.0,51.0,8,19
1,Tuesday,13:45,28,27.0,24.0,51.0,9,19
1,Tuesday,13:50,29,27.0,24.0,51.0,9,20
1,Tuesday,13:55,30,27.0,24.0,51.0,10,20
1,Tuesday,14:00,35,33.0,52.0,85.0,17,18
1,Tuesday,14:05,36,33.0,52.0,85.0,18,18
1,Tuesday,14:10,35,33.0,52.0,85.0,18,17
1,Tuesday,14:15,35,33.0,52.0,85.0,19,16
1,Tuesday,14:20,36,33.0,52.0,85.0,20,16
1,Tuesday,14:25,36,33.0,52.0,85.0,20,16
1,Tuesday,14:30,31,33.0,52.0,85.0,14,17
1,Tuesday,14:35,34,33.0,52.0,85.0,15,19
1,Tuesday,14:40,36,33.0,52.0,85.0,15,21
1,Tuesday,14:45,40,33.0,52.0,85.0,16,24
1,Tuesday,14:50,42,33.0,52.0,85.0,16,26
1,Tuesday,14:55,44,33.0,52.0,85.0,17,27
1,Tuesday,15:00,46,33.0,52.0,85.0,15,31
1,Tuesday,15:05,47,33.0,52.0,85.0,15,32
1,Tuesday,15:10,47,33.0,52.0,85.0,14,33
1,Tuesday,15:15,47,33.0,52.0,85.0,14,33
1,Tuesday,15:20,48,33.0,52.0,85.0,14,34
1,Tuesday,15:25,49,33.0,52.0,85.0,15,34
1,Tuesday,15:30,52,33.0,52.0,85.0,20,32
1,Tuesday,15:35,54,33.0,52.0,85.0,22,32
1,Tuesday,15:40,55,33.0,52.0,85.0,23,32
1,Tuesday,15:45,58,33.0,52.0,85.0,25,33
1,Tuesday,15:50,59,33.0,52.0,85.0,26,33
1,Tuesday,15:55,61,33.0,52.0,85.0,26,35
1,Tuesday,16:00,68,33.0,52.0,85.0,32,36
1,Tuesday,16:05,73,33.0,52.0,85.0,32,41
1,Tuesday,16:10,77,33.0,52.0,85.0,32,45
1,Tuesday,16:15,79,33.0,52.0,85.0,32,47
1,Tuesday,16:20,79,33.0,52.0,85.0,32,47
1,Tuesday,16:25,81,33.0,52.0,85.0,33,48
1,Tuesday,16:30,78,33.0,52.0,85.0,28,50
1,Tuesday,16:35,80,33.0,52.0,85.0,28,52
1,Tuesday,16:40,77,33.0,52.0,85.0,27,50
1,Tuesday,16:45,70,33.0,52.0,85.0,27,43
1,Tuesday,16:50,62,33.0,52.0,85.0,27,35
1,Tuesday,16:55,56,33.0,52.0,85.0,27,29
1,Tuesday,17:00,54,26.0,28.0,54.0,26,28
1,Tuesday,17:05,52,26.0,28.0,54.0,26,26
1,Tuesday,17:10,51,26.0,28.0,54.0,26,25
1,Tuesday,17:15,49,26.0,28.0,54.0,25,24
1,Tuesday,17:20,48,26.0,28.0,54.0,25,23
1,Tuesday,17:25,47,26.0,28.0,54.0,24,23
1,Tuesday,17:30,45,26.0,28.0,54.0,25,20
1,Tuesday,17:35,44,26.0,28.0,54.0,25,19
1,Tuesday,17:40,42,26.0,28.0,54.0,24,18
1,Tuesday,17:45,41,26.0,28.0,54.0,24,17
1,Tuesday,17:50,39,26.0,28.0,54.0,23,16
1,Tuesday,17:55,38,26.0,28.0,54.0,22,16
1,Tuesday,18:00,41,26.0,28.0,54.0,24,17
1,Tuesday,18:05,40,26.0,28.0,54.0,24,16
1,Tuesday,18:10,38,26.0,28.0,54.0,23,15
1,Tuesday,18:15,36,26.0,28.0,54.0,22,14
1,Tuesday,18:20,36,26.0,28.0,54.0,22,14
1,Tuesday,18:25,34,26.0,28.0,54.0,21,13
1,Tuesday,18:30,27,26.0,28.0,54.0,13,14
1,Tuesday,18:35,26,26.0,28.0,54.0,13,13
1,Tuesday,18:40,25,26.0,28.0,54.0,12,13
1,Tuesday,18:45,23,26.0,28.0,54.0,11,12
1,Tuesday,18:50,22,26.0,28.0,54.0,11,11
1,Tuesday,18:55,21,26.0,28.0,54.0,10,11
1,Tuesday,19:00,19,26.0,28.0,54.0,11,8
1,Tuesday,19:05,19,26.0,28.0,54.0,11,8
1,Tuesday,19:10,17,26.0,28.0,54.0,10,7
1,Tuesday,19:15,17,26.0,28.0,54.0,10,7
1,Tuesday,19:20,15,26.0,28.0,54.0,9,6
1,Tuesday,19:25,15,26.0,28.0,54.0,9,6
1,Tuesday,19:30,22,26.0,28.0,54.0,8,14
1,Tuesday,19:35,21,26.0,28.0,54.0,8,13
1,Tuesday,19:40,20,26.0,28.0,54.0,7,13
1,Tuesday,19:45,20,26.0,28.0,54.0,7,13
1,Tuesday,19:50,19,26.0,28.0,54.0,7,12
1,Tuesday,19:55,18,26.0,28.0,54.0,6,12
1,Tuesday,20:00,12,34.0,6.0,40.0,6,6
1,Tuesday,20:05,12,34.0,6.0,40.0,6,6
1,Tuesday,20:10,11,34.0,6.0,40.0,5,6
1,Tuesday,20:15,10,34.0,6.0,40.0,5,5
1,Tuesday,20:20,10,34.0,6.0,40.0,5,5
1,Tuesday,20:25,10,34.0,6.0,40.0,5,5
1,Tuesday,20:30,6,34.0,6.0,40.0,3,3
1,Tuesday,20:35,5,34.0,6.0,40.0,2,3
1,Tuesday,20:40,5,34.0,6.0,40.0,2,3
1,Tuesday,20:45,5,34.0,6.0,40.0,2,3
1,Tuesday,20:50,5,34.0,6.0,40.0,2,3
1,Tuesday,20:55,5,34.0,6.0,40.0,2,3
1,Tuesday,21:00,14,34.0,6.0,40.0,12,2
1,Tuesday,21:05,16,34.0,6.0,40.0,14,2
1,Tuesday,21:10,20,34.0,6.0,40.0,18,2
1,Tuesday,21:15,26,34.0,6.0,40.0,24,2
1,Tuesday,21:20,33,34.0,6.0,40.0,31,2
1,Tuesday,21:25,36,34.0,6.0,40.0,34,2
1,Tuesday,21:30,28,34.0,6.0,40.0,26,2
1,Tuesday,21:35,21,34.0,6.0,40.0,19,2
1,Tuesday,21:40,14,34.0,6.0,40.0,12,2
1,Tuesday,21:45,10,34.0,6.0,40.0,8,2
1,Tuesday,21:50,8,34.0,6.0,40.0,6,2
1,Tuesday,21:55,7,34.0,6.0,40.0,5,2
1,Tuesday,22:00,8,34.0,6.0,40.0,8,0
1,Tuesday,22:05,8,34.0,6.0,40.0,8,0
1,Tuesday,22:10,8,34.0,6.0,40.0,8,0
1,Tuesday,22:15,8,34.0,6.0,40.0,8,0
1,Tuesday,22:20,8,34.0,6.0,40.0,8,0
1,Tuesday,22:25,8,34.0,6.0,40.0,8,0
1,Tuesday,22:30,5,34.0,6.0,40.0,3,2
1,Tuesday,22:35,4,34.0,6.0,40.0,2,2
1,Tuesday,22:40,3,34.0,6.0,40.0,2,1
1,Tuesday,22:45,3,34.0,6.0,40.0,2,1
1,Tuesday,22:50,3,34.0,6.0,40.0,2,1
1,Tuesday,22:55,2,34.0,6.0,40.0,1,1
1,Tuesday,23:00,1,34.0,6.0,40.0,0,1
1,Tuesday,23:05,0,34.0,6.0,40.0,0,0
1,Tuesday,23:10,0,34.0,6.0,40.0,0,0
1,Tuesday,23:15,0,34.0,6.0,40.0,0,0
1,Tuesday,23:20,0,34.0,6.0,40.0,0,0
1,Tuesday,23:25,0,34.0,6.0,40.0,0,0
1,Tuesday,23:30,0,34.0,6.0,40.0,0,0
1,Tuesday,23:35,0,34.0,6.0,40.0,0,0
1,Tuesday,23:40,0,34.0,6.0,40.0,0,0
1,Tuesday,23:45,0,34.0,6.0,40.0,0,0
1,Tuesday,23:50,0,34.0,6.0,40.0,0,0
1,Tuesday,23:55,0,34.0,6.0,40.0,0,0
2,Wednesday,00:00,0,6.0,5.0,11.0,0,0
2,Wednesday,00:05,0,6.0,5.0,11.0,0,0
2,Wednesday,00:10,0,6.0,5.0,11.0,0,0
2,Wednesday,00:15,0,6.0,5.0,11.0,0,0
2,Wednesday,00:20,0,6.0,5.0,11.0,0,0
2,Wednesday,00:25,0,6.0,5.0,11.0,0,0
2,Wednesday,00:30,0,6.0,5.0,11.0,0,0
2,Wednesday,00:35,0,6.0,5.0,11.0,0,0
2,Wednesday,00:40,0,6.0,5.0,11.0,0,0
2,Wednesday,00:45,0,6.0,5.0,11.0,0,0
2,Wednesday,00:50,0,6.0,5.0,11.0,0,0
2,Wednesday,00:55,0,6.0,5.0,11.0,0,0
2,Wednesday,01:00,5,6.0,5.0,11.0,0,5
2,Wednesday,01:05,5,6.0,5.0,11.0,0,5
2,Wednesday,01:10,5,6.0,5.0,11.0,0,5
2,Wednesday,01:15,5,6.0,5.0,11.0,0,5
2,Wednesday,01:20,5,6.0,5.0,11.0,0,5
2,Wednesday,01:25,5,6.0,5.0,11.0,0,5
2,Wednesday,01:30,5,6.0,5.0,11.0,5,0
2,Wednesday,01:35,5,6.0,5.0,11.0,5,0
2,Wednesday,01:40,5,6.0,5.0,11.0,5,0
2,Wednesday,01:45,5,6.0,5.0,11.0,5,0
2,Wednesday,01:50,5,6.0,5.0,11.0,5,0
2,Wednesday,01:55,5,6.0,5.0,11.0,5,0
2,Wednesday,02:00,0,6.0,5.0,11.0,0,0
2,Wednesday,02:05,0,6.0,5.0,11.0,0,0
2,Wednesday,02:10,0,6.0,5.0,11.0,0,0
2,Wednesday,02:15,0,6.0,5.0,11.0,0,0
2,Wednesday,02:20,0,6.0,5.0,11.0,0,0
2,Wednesday,02:25,0,6.0,5.0,11.0,0,0
2,Wednesday,02:30,2,6.0,5.0,11.0,0,2
2,Wednesday,02:35,2,6.0,5.0,11.0,0,2
2,Wednesday,02:40,2,6.0,5.0,11.0,0,2
2,Wednesday,02:45,2,6.0,5.0,11.0,0,2
2,Wednesday,02:50,2,6.0,5.0,11.0,0,2
2,Wednesday,02:55,2,6.0,5.0,11.0,0,2
2,Wednesday,03:00,7,6.0,5.0,11.0,2,5
2,Wednesday,03:05,7,6.0,5.0,11.0,2,5
2,Wednesday,03:10,7,6.0,5.0,11.0,2,5
2,Wednesday,03:15,7,6.0,5.0,11.0,2,5
2,Wednesday,03:20,7,6.0,5.0,11.0,2,5
2,Wednesday,03:25,7,6.0,5.0,11.0,2,5
2,Wednesday,03:30,0,6.0,5.0,11.0,0,0
2,Wednesday,03:35,0,6.0,5.0,11.0,0,0
2,Wednesday,03:40,0,6.0,5.0,11.0,0,0
2,Wednesday,03:45,0,6.0,5.0,11.0,0,0
2,Wednesday,03:50,0,6.0,5.0,11.0,0,0
2,Wednesday,03:55,0,6.0,5.0,11.0,0,0
2,Wednesday,04:00,0,6.0,5.0,11.0,0,0
2,Wednesday,04:05,0,6.0,5.0,11.0,0,0
2,Wednesday,04:10,0,6.0,5.0,11.0,0,0
2,Wednesday,04:15,0,6.0,5.0,11.0,0,0
2,Wednesday,04:20,0,6.0,5.0,11.0,0,0
2,Wednesday,04:25,0,6.0,5.0,11.0,0,0
2,Wednesday,04:30,0,6.0,5.0,11.0,0,0
2,Wednesday,04:35,0,6.0,5.0,11.0,0,0
2,Wednesday,04:40,0,6.0,5.0,11.0,0,0
2,Wednesday,04:45,0,6.0,5.0,11.0,0,0
2,Wednesday,04:50,0,6.0,5.0,11.0,0,0
2,Wednesday,04:55,0,6.0,5.0,11.0,0,0
2,Wednesday,05:00,5,6.0,5.0,11.0,5,0
2,Wednesday,05:05,5,6.0,5.0,11.0,5,0
2,Wednesday,05:10,5,6.0,5.0,11.0,5,0
2,Wednesday,05:15,6,6.0,5.0,11.0,6,0
2,Wednesday,05:20,7,6.0,5.0,11.0,6,1
2,Wednesday,05:25,7,6.0,5.0,11.0,6,1
2,Wednesday,05:30,1,6.0,5.0,11.0,0,1
2,Wednesday,05:35,2,6.0,5.0,11.0,0,2
2,Wednesday,05:40,2,6.0,5.0,11.0,0,2
2,Wednesday,05:45,3,6.0,5.0,11.0,0,3
2,Wednesday,05:50,4,6.0,5.0,11.0,1,3
2,Wednesday,05:55,5,6.0,5.0,11.0,1,4
2,Wednesday,06:00,15,37.0,23.0,60.0,10,5
2,Wednesday,06:05,17,37.0,23.0,60.0,11,6
2,Wednesday,06:10,17,37.0,23.0,60.0,11,6
2,Wednesday,06:15,19,37.0,23.0,60.0,12,7
2,Wednesday,06:20,21,37.0,23.0,60.0,13,8
2,Wednesday,06:25,23,37.0,23.0,60.0,14,9
2,Wednesday,06:30,30,37.0,23.0,60.0,15,15
2,Wednesday,06:35,32,37.0,23.0,60.0,16,16
2,Wednesday,06:40,33,37.0,23.0,60.0,17,16
2,Wednesday,06:45,34,37.0,23.0,60.0,17,17
2,Wednesday,06:50,35,37.0,23.0,60.0,18,17
2,Wednesday,06:55,37,37.0,23.0,60.0,19,18
2,Wednesday,07:00,29,37.0,23.0,60.0,15,14
2,Wednesday,07:05,30,37.0,23.0,60.0,16,14
2,Wednesday,07:10,32,37.0,23.0,60.0,17,15
2,Wednesday,07:15,33,37.0,23.0,60.0,18,15
2,Wednesday,07:20,35,37.0,23.0,60.0,19,16
2,Wednesday,07:25,35,37.0,23.0,60.0,19,16
2,Wednesday,07:30,33,37.0,23.0,60.0,20,13
2,Wednesday,07:35,35,37.0,23.0,60.0,21,14
2,Wednesday,07:40,36,37.0,23.0,60.0,22,14
2,Wednesday,07:45,37,37.0,23.0,60.0,23,14
2,Wednesday,07:50,39,37.0,23.0,60.0,24,15
2,Wednesday,07:55,40,37.0,23.0,60.0,25,15
2,Wednesday,08:00,49,37.0,23.0,60.0,26,23
2,Wednesday,08:05,50,37.0,23.0,60.0,27,23
2,Wednesday,08:10,51,37.0,23.0,60.0,28,23
2,Wednesday,08:15,52,37.0,23.0,60.0,29,23
2,Wednesday,08:20,53,37.0,23.0,60.0,30,23
2,Wednesday,08:25,53,37.0,23.0,60.0,30,23
2,Wednesday,08:30,51,37.0,23.0,60.0,36,15
2,Wednesday,08:35,50,37.0,23.0,60.0,36,14
2,Wednesday,08:40,51,37.0,23.0,60.0,37,14
2,Wednesday,08:45,51,37.0,23.0,60.0,37,14
2,Wednesday,08:50,50,37.0,23.0,60.0,37,13
2,Wednesday,08:55,50,37.0,23.0,60.0,37,13
2,Wednesday,09:00,53,40.0,27.0,67.0,29,24
2,Wednesday,09:05,52,40.0,27.0,67.0,29,23
2,Wednesday,09:10,52,40.0,27.0,67.0,29,23
2,Wednesday,09:15,51,40.0,27.0,67.0,29,22
2,Wednesday,09:20,51,40.0,27.0,67.0,29,22
2,Wednesday,09:25,49,40.0,27.0,67.0,28,21
2,Wednesday,09:30,52,40.0,27.0,67.0,31,21
2,Wednesday,09:35,50,40.0,27.0,67.0,30,20
2,Wednesday,09:40,48,40.0,27.0,67.0,29,19
2,Wednesday,09:45,48,40.0,27.0,67.0,29,19
2,Wednesday,09:50,46,40.0,27.0,67.0,28,18
2,Wednesday,09:55,45,40.0,27.0,67.0,27,18
2,Wednesday,10:00,37,40.0,27.0,67.0,25,12
2,Wednesday,10:05,39,40.0,27.0,67.0,27,12
2,Wednesday,10:10,46,40.0,27.0,67.0,32,14
2,Wednesday,10:15,56,40.0,27.0,67.0,37,19
2,Wednesday,10:20,64,40.0,27.0,67.0,40,24
2,Wednesday,10:25,65,40.0,27.0,67.0,38,27
2,Wednesday,10:30,63,40.0,27.0,67.0,39,24
2,Wednesday,10:35,52,40.0,27.0,67.0,32,20
2,Wednesday,10:40,41,40.0,27.0,67.0,27,14
2,Wednesday,10:45,34,40.0,27.0,67.0,24,10
2,Wednesday,10:50,30,40.0,27.0,67.0,22,8
2,Wednesday,10:55,28,40.0,27.0,67.0,21,7
2,Wednesday,11:00,29,27.0,42.0,69.0,14,15
2,Wednesday,11:05,28,27.0,42.0,69.0,13,15
2,Wednesday,11:10,27,27.0,42.0,69.0,12,15
2,Wednesday,11:15,26,27.0,42.0,69.0,12,14
2,Wednesday,11:20,24,27.0,42.0,69.0,11,13
2,Wednesday,11:25,23,27.0,42.0,69.0,11,12
2,Wednesday,11:30,14,27.0,42.0,69.0,12,2
2,Wednesday,11:35,13,27.0,42.0,69.0,12,1
2,Wednesday,11:40,13,27.0,42.0,69.0,12,1
2,Wednesday,11:45,13,27.0,42.0,69.0,11,2
2,Wednesday,11:50,15,27.0,42.0,69.0,11,4
2,Wednesday,11:55,16,27.0,42.0,69.0,10,6
2,Wednesday,12:00,17,27.0,42.0,69.0,5,12
2,Wednesday,12:05,16,27.0,42.0,69.0,3,13
2,Wednesday,12:10,15,27.0,42.0,69.0,1,14
2,Wednesday,12:15,15,27.0,42.0,69.0,0,15
2,Wednesday,12:20,16,27.0,42.0,69.0,0,16
2,Wednesday,12:25,18,27.0,42.0,69.0,1,17
2,Wednesday,12:30,24,27.0,42.0,69.0,11,13
2,Wednesday,12:35,28,27.0,42.0,69.0,14,14
2,Wednesday,12:40,30,27.0,42.0,69.0,16,14
2,Wednesday,12:45,33,27.0,42.0,69.0,18,15
2,Wednesday,12:50,34,27.0,42.0,69.0,20,14
2,Wednesday,12:55,35,27.0,42.0,69.0,21,14
2,Wednesday,13:00,29,27.0,42.0,69.0,15,14
2,Wednesday,13:05,29,27.0,42.0,69.0,15,14
2,Wednesday,13:10,31,27.0,42.0,69.0,16,15
2,Wednesday,13:15,34,27.0,42.0,69.0,17,17
2,Wednesday,13:20,38,27.0,42.0,69.0,18,20
2,Wednesday,13:25,43,27.0,42.0,69.0,19,24
2,Wednesday,13:30,55,27.0,42.0,69.0,26,29
2,Wednesday,13:35,62,27.0,42.0,69.0,27,35
2,Wednesday,13:40,67,27.0,42.0,69.0,27,40
2,Wednesday,13:45,69,27.0,42.0,69.0,27,42
2,Wednesday,13:50,67,27.0,42.0,69.0,26,41
2,Wednesday,13:55,64,27.0,42.0,69.0,25,39
2,Wednesday,14:00,70,37.0,64.0,101.0,25,45
2,Wednesday,14:05,70,37.0,64.0,101.0,26,44
2,Wednesday,14:10,73,37.0,64.0,101.0,28,45
2,Wednesday,14:15,75,37.0,64.0,101.0,30,45
2,Wednesday,14:20,79,37.0,64.0,101.0,33,46
2,Wednesday,14:25,82,37.0,64.0,101.0,35,47
2,Wednesday,14:30,77,37.0,64.0,101.0,34,43
2,Wednesday,14:35,79,37.0,64.0,101.0,35,44
2,Wednesday,14:40,80,37.0,64.0,101.0,36,44
2,Wednesday,14:45,81,37.0,64.0,101.0,36,45
2,Wednesday,14:50,82,37.0,64.0,101.0,37,45
2,Wednesday,14:55,82,37.0,64.0,101.0,37,45
2,Wednesday,15:00,80,37.0,64.0,101.0,36,44
2,Wednesday,15:05,80,37.0,64.0,101.0,36,44
2,Wednesday,15:10,82,37.0,64.0,101.0,37,45
2,Wednesday,15:15,84,37.0,64.0,101.0,37,47
2,Wednesday,15:20,87,37.0,64.0,101.0,37,50
2,Wednesday,15:25,91,37.0,64.0,101.0,37,54
2,Wednesday,15:30,98,37.0,64.0,101.0,34,64
2,Wednesday,15:35,96,37.0,64.0,101.0,34,62
2,Wednesday,15:40,92,37.0,64.0,101.0,34,58
2,Wednesday,15:45,88,37.0,64.0,101.0,34,54
2,Wednesday,15:50,84,37.0,64.0,101.0,33,51
2,Wednesday,15:55,82,37.0,64.0,101.0,33,49
2,Wednesday,16:00,76,37.0,64.0,101.0,37,39
2,Wednesday,16:05,74,37.0,64.0,101.0,37,37
2,Wednesday,16:10,70,37.0,64.0,101.0,36,34
2,Wednesday,16:15,67,37.0,64.0,101.0,36,31
2,Wednesday,16:20,62,37.0,64.0,101.0,35,27
2,Wednesday,16:25,59,37.0,64.0,101.0,34,25
2,Wednesday,16:30,60,37.0,64.0,101.0,32,28
2,Wednesday,16:35,60,37.0,64.0,101.0,31,29
2,Wednesday,16:40,60,37.0,64.0,101.0,30,30
2,Wednesday,16:45,61,37.0,64.0,101.0,29,32
2,Wednesday,16:50,64,37.0,64.0,101.0,28,36
2,Wednesday,16:55,67,37.0,64.0,101.0,27,40
2,Wednesday,17:00,66,26.0,41.0,67.0,26,40
2,Wednesday,17:05,66,26.0,41.0,67.0,25,41
2,Wednesday,17:10,62,26.0,41.0,67.0,24,38
2,Wednesday,17:15,56,26.0,41.0,67.0,23,33
2,Wednesday,17:20,50,26.0,41.0,67.0,23,27
2,Wednesday,17:25,44,26.0,41.0,67.0,22,22
2,Wednesday,17:30,39,26.0,41.0,67.0,19,20
2,Wednesday,17:35,36,26.0,41.0,67.0,18,18
2,Wednesday,17:40,34,26.0,41.0,67.0,17,17
2,Wednesday,17:45,32,26.0,41.0,67.0,16,16
2,Wednesday,17:50,30,26.0,41.0,67.0,15,15
2,Wednesday,17:55,28,26.0,41.0,67.0,14,14
2,Wednesday,18:00,31,26.0,41.0,67.0,20,11
2,Wednesday,18:05,30,26.0,41.0,67.0,20,10
2,Wednesday,18:10,29,26.0,41.0,67.0,19,10
2,Wednesday,18:15,27,26.0,41.0,67.0,18,9
2,Wednesday,18:20,26,26.0,41.0,67.0,18,8
2,Wednesday,18:25,24,26.0,41.0,67.0,17,7
2,Wednesday,18:30,19,26.0,41.0,67.0,13,6
2,Wednesday,18:35,18,26.0,41.0,67.0,13,5
2,Wednesday,18:40,18,26.0,41.0,67.0,13,5
2,Wednesday,18:45,17,26.0,41.0,67.0,13,4
2,Wednesday,18:50,18,26.0,41.0,67.0,14,4
2,Wednesday,18:55,20,26.0,41.0,67.0,17,3
2,Wednesday,19:00,18,26.0,41.0,67.0,15,3
2,Wednesday,19:05,20,26.0,41.0,67.0,17,3
2,Wednesday,19:10,17,26.0,41.0,67.0,15,2
2,Wednesday,19:15,13,26.0,41.0,67.0,11,2
2,Wednesday,19:20,10,26.0,41.0,67.0,8,2
2,Wednesday,19:25,7,26.0,41.0,67.0,5,2
2,Wednesday,19:30,19,26.0,41.0,67.0,12,7
2,Wednesday,19:35,22,26.0,41.0,67.0,11,11
2,Wednesday,19:40,26,26.0,41.0,67.0,11,15
2,Wednesday,19:45,30,26.0,41.0,67.0,11,19
2,Wednesday,19:50,29,26.0,41.0,67.0,11,18
2,Wednesday,19:55,25,26.0,41.0,67.0,11,14
2,Wednesday,20:00,11,10.0,9.0,19.0,2,9
2,Wednesday,20:05,8,10.0,9.0,19.0,2,6
2,Wednesday,20:10,6,10.0,9.0,19.0,2,4
2,Wednesday,20:15,5,10.0,9.0,19.0,2,3
2,Wednesday,20:20,5,10.0,9.0,19.0,2,3
2,Wednesday,20:25,5,10.0,9.0,19.0,2,3
2,Wednesday,20:30,18,10.0,9.0,19.0,10,8
2,Wednesday,20:35,18,10.0,9.0,19.0,10,8
2,Wednesday,20:40,18,10.0,9.0,19.0,10,8
2,Wednesday,20:45,18,10.0,9.0,19.0,10,8
2,Wednesday,20:50,18,10.0,9.0,19.0,10,8
2,Wednesday,20:55,18,10.0,9.0,19.0,10,8
2,Wednesday,21:00,7,10.0,9.0,19.0,7,0
2,Wednesday,21:05,7,10.0,9.0,19.0,7,0
2,Wednesday,21:10,7,10.0,9.0,19.0,7,0
2,Wednesday,21:15,7,10.0,9.0,19.0,7,0
2,Wednesday,21:20,7,10.0,9.0,19.0,7,0
2,Wednesday,21:25,7,10.0,9.0,19.0,7,0
2,Wednesday,21:30,7,10.0,9.0,19.0,5,2
2,Wednesday,21:35,7,10.0,9.0,19.0,5,2
2,Wednesday,21:40,6,10.0,9.0,19.0,4,2
2,Wednesday,21:45,6,10.0,9.0,19.0,4,2
2,Wednesday,21:50,6,10.0,9.0,19.0,4,2
2,Wednesday,21:55,6,10.0,9.0,19.0,4,2
2,Wednesday,22:00,9,10.0,9.0,19.0,9,0
2,Wednesday,22:05,9,10.0,9.0,19.0,9,0
2,Wednesday,22:10,9,10.0,9.0,19.0,9,0
2,Wednesday,22:15,9,10.0,9.0,19.0,9,0
2,Wednesday,22:20,9,10.0,9.0,19.0,9,0
2,Wednesday,22:25,9,10.0,9.0,19.0,9,0
2,Wednesday,22:30,4,10.0,9.0,19.0,4,0
2,Wednesday,22:35,4,10.0,9.0,19.0,4,0
2,Wednesday,22:40,3,10.0,9.0,19.0,3,0
2,Wednesday,22:45,3,10.0,9.0,19.0,3,0
2,Wednesday,22:50,2,10.0,9.0,19.0,2,0
2,Wednesday,22:55,2,10.0,9.0,19.0,2,0
2,Wednesday,23:00,7,10.0,9.0,19.0,7,0
2,Wednesday,23:05,6,10.0,9.0,19.0,6,0
2,Wednesday,23:10,6,10.0,9.0,19.0,6,0
2,Wednesday,23:15,5,10.0,9.0,19.0,5,0
2,Wednesday,23:20,5,10.0,9.0,19.0,5,0
2,Wednesday,23:25,5,10.0,9.0,19.0,5,0
2,Wednesday,23:30,0,10.0,9.0,19.0,0,0
2,Wednesday,23:35,0,10.0,9.0,19.0,0,0
2,Wednesday,23:40,0,10.0,9.0,19.0,0,0
2,Wednesday,23:45,0,10.0,9.0,19.0,0,0
2,Wednesday,23:50,0,10.0,9.0,19.0,0,0
2,Wednesday,23:55,0,10.0,9.0,19.0,0,0
3,Thursday,00:00,0,5.0,9.0,14.0,0,0
3,Thursday,00:05,0,5.0,9.0,14.0,0,0
3,Thursday,00:10,0,5.0,9.0,14.0,0,0
3,Thursday,00:15,0,5.0,9.0,14.0,0,0
3,Thursday,00:20,0,5.0,9.0,14.0,0,0
3,Thursday,00:25,0,5.0,9.0,14.0,0,0
3,Thursday,00:30,5,5.0,9.0,14.0,5,0
3,Thursday,00:35,5,5.0,9.0,14.0,5,0
3,Thursday,00:40,5,5.0,9.0,14.0,5,0
3,Thursday,00:45,5,5.0,9.0,14.0,5,0
3,Thursday,00:50,5,5.0,9.0,14.0,5,0
3,Thursday,00:55,5,5.0,9.0,14.0,5,0
3,Thursday,01:00,0,5.0,9.0,14.0,0,0
3,Thursday,01:05,0,5.0,9.0,14.0,0,0
3,Thursday,01:10,0,5.0,9.0,14.0,0,0
3,Thursday,01:15,0,5.0,9.0,14.0,0,0
3,Thursday,01:20,0,5.0,9.0,14.0,0,0
3,Thursday,01:25,0,5.0,9.0,14.0,0,0
3,Thursday,01:30,2,5.0,9.0,14.0,0,2
3,Thursday,01:35,2,5.0,9.0,14.0,0,2
3,Thursday,01:40,2,5.0,9.0,14.0,0,2
3,Thursday,01:45,2,5.0,9.0,14.0,0,2
3,Thursday,01:50,2,5.0,9.0,14.0,0,2
3,Thursday,01:55,2,5.0,9.0,14.0,0,2
3,Thursday,02:00,2,5.0,9.0,14.0,0,2
3,Thursday,02:05,2,5.0,9.0,14.0,0,2
3,Thursday,02:10,2,5.0,9.0,14.0,0,2
3,Thursday,02:15,2,5.0,9.0,14.0,0,2
3,Thursday,02:20,2,5.0,9.0,14.0,0,2
3,Thursday,02:25,2,5.0,9.0,14.0,0,2
3,Thursday,02:30,0,5.0,9.0,14.0,0,0
3,Thursday,02:35,0,5.0,9.0,14.0,0,0
3,Thursday,02:40,0,5.0,9.0,14.0,0,0
3,Thursday,02:45,0,5.0,9.0,14.0,0,0
3,Thursday,02:50,0,5.0,9.0,14.0,0,0
3,Thursday,02:55,0,5.0,9.0,14.0,0,0
3,Thursday,03:00,5,5.0,9.0,14.0,5,0
3,Thursday,03:05,5,5.0,9.0,14.0,5,0
3,Thursday,03:10,5,5.0,9.0,14.0,5,0
3,Thursday,03:15,5,5.0,9.0,14.0,5,0
3,Thursday,03:20,5,5.0,9.0,14.0,5,0
3,Thursday,03:25,5,5.0,9.0,14.0,5,0
3,Thursday,03:30,7,5.0,9.0,14.0,5,2
3,Thursday,03:35,7,5.0,9.0,14.0,5,2
3,Thursday,03:40,7,5.0,9.0,14.0,5,2
3,Thursday,03:45,7,5.0,9.0,14.0,5,2
3,Thursday,03:50,7,5.0,9.0,14.0,5,2
3,Thursday,03:55,7,5.0,9.0,14.0,5,2
3,Thursday,04:00,8,5.0,9.0,14.0,0,8
3,Thursday,04:05,8,5.0,9.0,14.0,0,8
3,Thursday,04:10,8,5.0,9.0,14.0,0,8
3,Thursday,04:15,8,5.0,9.0,14.0,0,8
3,Thursday,04:20,8,5.0,9.0,14.0,0,8
3,Thursday,04:25,8,5.0,9.0,14.0,0,8
3,Thursday,04:30,2,5.0,9.0,14.0,2,0
3,Thursday,04:35,2,5.0,9.0,14.0,2,0
3,Thursday,04:40,2,5.0,9.0,14.0,2,0
3,Thursday,04:45,2,5.0,9.0,14.0,2,0
3,Thursday,04:50,2,5.0,9.0,14.0,2,0
3,Thursday,04:55,2,5.0,9.0,14.0,2,0
3,Thursday,05:00,2,5.0,9.0,14.0,2,0
3,Thursday,05:05,2,5.0,9.0,14.0,2,0
3,Thursday,05:10,2,5.0,9.0,14.0,2,0
3,Thursday,05:15,2,5.0,9.0,14.0,2,0
3,Thursday,05:20,3,5.0,9.0,14.0,3,0
3,Thursday,05:25,3,5.0,9.0,14.0,3,0
3,Thursday,05:30,7,5.0,9.0,14.0,3,4
3,Thursday,05:35,7,5.0,9.0,14.0,3,4
3,Thursday,05:40,9,5.0,9.0,14.0,4,5
3,Thursday,05:45,11,5.0,9.0,14.0,4,7
3,Thursday,05:50,12,5.0,9.0,14.0,4,8
3,Thursday,05:55,14,5.0,9.0,14.0,5,9
3,Thursday,06:00,11,26.0,34.0,60.0,3,8
3,Thursday,06:05,13,26.0,34.0,60.0,3,10
3,Thursday,06:10,16,26.0,34.0,60.0,4,12
3,Thursday,06:15,17,26.0,34.0,60.0,4,13
3,Thursday,06:20,20,26.0,34.0,60.0,5,15
3,Thursday,06:25,23,26.0,34.0,60.0,6,17
3,Thursday,06:30,24,26.0,34.0,60.0,6,18
3,Thursday,06:35,25,26.0,34.0,60.0,6,19
3,Thursday,06:40,27,26.0,34.0,60.0,7,20
3,Thursday,06:45,28,26.0,34.0,60.0,7,21
3,Thursday,06:50,30,26.0,34.0,60.0,8,22
3,Thursday,06:55,31,26.0,34.0,60.0,8,23
3,Thursday,07:00,34,26.0,34.0,60.0,9,25
3,Thursday,07:05,34,26.0,34.0,60.0,9,25
3,Thursday,07:10,36,26.0,34.0,60.0,10,26
3,Thursday,07:15,38,26.0,34.0,60.0,11,27
3,Thursday,07:20,38,26.0,34.0,60.0,11,27
3,Thursday,07:25,40,26.0,34.0,60.0,12,28
3,Thursday,07:30,41,26.0,34.0,60.0,10,31
3,Thursday,07:35,42,26.0,34.0,60.0,11,31
3,Thursday,07:40,42,26.0,34.0,60.0,11,31
3,Thursday,07:45,44,26.0,34.0,60.0,12,32
3,Thursday,07:50,45,26.0,34.0,60.0,13,32
3,Thursday,07:55,46,26.0,34.0,60.0,14,32
3,Thursday,08:00,49,26.0,34.0,60.0,15,34
3,Thursday,08:05,50,26.0,34.0,60.0,16,34
3,Thursday,08:10,51,26.0,34.0,60.0,17,34
3,Thursday,08:15,51,26.0,34.0,60.0,18,33
3,Thursday,08:20,52,26.0,34.0,60.0,19,33
3,Thursday,08:25,53,26.0,34.0,60.0,20,33
3,Thursday,08:30,56,26.0,34.0,60.0,24,32
3,Thursday,08:35,56,26.0,34.0,60.0,25,31
3,Thursday,08:40,56,26.0,34.0,60.0,25,31
3,Thursday,08:45,56,26.0,34.0,60.0,26,30
3,Thursday,08:50,55,26.0,34.0,60.0,26,29
3,Thursday,08:55,54,26.0,34.0,60.0,26,28
3,Thursday,09:00,48,27.0,25.0,52.0,25,23
3,Thursday,09:05,45,27.0,25.0,52.0,23,22
3,Thursday,09:10,41,27.0,25.0,52.0,20,21
3,Thursday,09:15,37,27.0,25.0,52.0,17,20
3,Thursday,09:20,35,27.0,25.0,52.0,16,19
3,Thursday,09:25,34,27.0,25.0,52.0,16,18
3,Thursday,09:30,38,27.0,25.0,52.0,18,20
3,Thursday,09:35,40,27.0,25.0,52.0,21,19
3,Thursday,09:40,42,27.0,25.0,52.0,24,18
3,Thursday,09:45,43,27.0,25.0,52.0,26,17
3,Thursday,09:50,43,27.0,25.0,52.0,27,16
3,Thursday,09:55,43,27.0,25.0,52.0,27,16
3,Thursday,10:00,37,27.0,25.0,52.0,22,15
3,Thursday,10:05,33,27.0,25.0,52.0,19,14
3,Thursday,10:10,29,27.0,25.0,52.0,16,13
3,Thursday,10:15,25,27.0,25.0,52.0,12,13
3,Thursday,10:20,22,27.0,25.0,52.0,10,12
3,Thursday,10:25,20,27.0,25.0,52.0,9,11
3,Thursday,10:30,23,27.0,25.0,52.0,12,11
3,Thursday,10:35,23,27.0,25.0,52.0,13,10
3,Thursday,10:40,23,27.0,25.0,52.0,13,10
3,Thursday,10:45,21,27.0,25.0,52.0,12,9
3,Thursday,10:50,21,27.0,25.0,52.0,12,9
3,Thursday,10:55,19,27.0,25.0,52.0,11,8
3,Thursday,11:00,20,25.0,29.0,54.0,12,8
3,Thursday,11:05,20,25.0,29.0,54.0,13,7
3,Thursday,11:10,21,25.0,29.0,54.0,14,7
3,Thursday,11:15,24,25.0,29.0,54.0,15,9
3,Thursday,11:20,28,25.0,29.0,54.0,15,13
3,Thursday,11:25,35,25.0,29.0,54.0,15,20
3,Thursday,11:30,41,25.0,29.0,54.0,15,26
3,Thursday,11:35,43,25.0,29.0,54.0,14,29
3,Thursday,11:40,39,25.0,29.0,54.0,13,26
3,Thursday,11:45,34,25.0,29.0,54.0,13,21
3,Thursday,11:50,27,25.0,29.0,54.0,12,15
3,Thursday,11:55,21,25.0,29.0,54.0,11,10
3,Thursday,12:00,22,25.0,29.0,54.0,11,11
3,Thursday,12:05,20,25.0,29.0,54.0,10,10
3,Thursday,12:10,20,25.0,29.0,54.0,10,10
3,Thursday,12:15,20,25.0,29.0,54.0,10,10
3,Thursday,12:20,18,25.0,29.0,54.0,9,9
3,Thursday,12:25,17,25.0,29.0,54.0,9,8
3,Thursday,12:30,24,25.0,29.0,54.0,14,10
3,Thursday,12:35,22,25.0,29.0,54.0,14,8
3,Thursday,12:40,21,25.0,29.0,54.0,15,6
3,Thursday,12:45,24,25.0,29.0,54.0,18,6
3,Thursday,12:50,29,25.0,29.0,54.0,22,7
3,Thursday,12:55,34,25.0,29.0,54.0,25,9
3,Thursday,13:00,36,25.0,29.0,54.0,22,14
3,Thursday,13:05,37,25.0,29.0,54.0,20,17
3,Thursday,13:10,35,25.0,29.0,54.0,16,19
3,Thursday,13:15,34,25.0,29.0,54.0,13,21
3,Thursday,13:20,33,25.0,29.0,54.0,11,22
3,Thursday,13:25,34,25.0,29.0,54.0,11,23
3,Thursday,13:30,25,25.0,29.0,54.0,8,17
3,Thursday,13:35,26,25.0,29.0,54.0,8,18
3,Thursday,13:40,28,25.0,29.0,54.0,9,19
3,Thursday,13:45,28,25.0,29.0,54.0,9,19
3,Thursday,13:50,30,25.0,29.0,54.0,10,20
3,Thursday,13:55,31,25.0,29.0,54.0,10,21
3,Thursday,14:00,35,29.0,31.0,60.0,14,21
3,Thursday,14:05,36,29.0,31.0,60.0,14,22
3,Thursday,14:10,38,29.0,31.0,60.0,15,23
3,Thursday,14:15,39,29.0,31.0,60.0,16,23
3,Thursday,14:20,40,29.0,31.0,60.0,16,24
3,Thursday,14:25,42,29.0,31.0,60.0,17,25
3,Thursday,14:30,39,29.0,31.0,60.0,18,21
3,Thursday,14:35,41,29.0,31.0,60.0,19,22
3,Thursday,14:40,41,29.0,31.0,60.0,19,22
3,Thursday,14:45,43,29.0,31.0,60.0,20,23
3,Thursday,14:50,44,29.0,31.0,60.0,21,23
3,Thursday,14:55,46,29.0,31.0,60.0,22,24
3,Thursday,15:00,45,29.0,31.0,60.0,22,23
3,Thursday,15:05,47,29.0,31.0,60.0,23,24
3,Thursday,15:10,48,29.0,31.0,60.0,24,24
3,Thursday,15:15,48,29.0,31.0,60.0,24,24
3,Thursday,15:20,50,29.0,31.0,60.0,25,25
3,Thursday,15:25,51,29.0,31.0,60.0,26,25
3,Thursday,15:30,51,29.0,31.0,60.0,23,28
3,Thursday,15:35,52,29.0,31.0,60.0,24,28
3,Thursday,15:40,52,29.0,31.0,60.0,24,28
3,Thursday,15:45,53,29.0,31.0,60.0,25,28
3,Thursday,15:50,53,29.0,31.0,60.0,25,28
3,Thursday,15:55,54,29.0,31.0,60.0,26,28
3,Thursday,16:00,57,29.0,31.0,60.0,29,28
3,Thursday,16:05,57,29.0,31.0,60.0,29,28
3,Thursday,16:10,56,29.0,31.0,60.0,29,27
3,Thursday,16:15,56,29.0,31.0,60.0,29,27
3,Thursday,16:20,56,29.0,31.0,60.0,29,27
3,Thursday,16:25,55,29.0,31.0,60.0,29,26
3,Thursday,16:30,60,29.0,31.0,60.0,29,31
3,Thursday,16:35,59,29.0,31.0,60.0,29,30
3,Thursday,16:40,59,29.0,31.0,60.0,29,30
3,Thursday,16:45,58,29.0,31.0,60.0,29,29
3,Thursday,16:50,58,29.0,31.0,60.0,29,29
3,Thursday,16:55,56,29.0,31.0,60.0,28,28
3,Thursday,17:00,53,30.0,33.0,63.0,30,23
3,Thursday,17:05,51,30.0,33.0,63.0,29,22
3,Thursday,17:10,50,30.0,33.0,63.0,29,21
3,Thursday,17:15,49,30.0,33.0,63.0,28,21
3,Thursday,17:20,48,30.0,33.0,63.0,28,20
3,Thursday,17:25,46,30.0,33.0,63.0,27,19
3,Thursday,17:30,51,30.0,33.0,63.0,30,21
3,Thursday,17:35,49,30.0,33.0,63.0,29,20
3,Thursday,17:40,47,30.0,33.0,63.0,28,19
3,Thursday,17:45,47,30.0,33.0,63.0,28,19
3,Thursday,17:50,45,30.0,33.0,63.0,27,18
3,Thursday,17:55,43,30.0,33.0,63.0,26,17
3,Thursday,18:00,35,30.0,33.0,63.0,20,15
3,Thursday,18:05,34,30.0,33.0,63.0,20,14
3,Thursday,18:10,33,30.0,33.0,63.0,19,14
3,Thursday,18:15,32,30.0,33.0,63.0,18,14
3,Thursday,18:20,32,30.0,33.0,63.0,17,15
3,Thursday,18:25,35,30.0,33.0,63.0,17,18
3,Thursday,18:30,49,30.0,33.0,63.0,24,25
3,Thursday,18:35,54,30.0,33.0,63.0,23,31
3,Thursday,18:40,55,30.0,33.0,63.0,22,33
3,Thursday,18:45,53,30.0,33.0,63.0,22,31
3,Thursday,18:50,45,30.0,33.0,63.0,21,24
3,Thursday,18:55,38,30.0,33.0,63.0,20,18
3,Thursday,19:00,28,30.0,33.0,63.0,12,16
3,Thursday,19:05,25,30.0,33.0,63.0,11,14
3,Thursday,19:10,25,30.0,33.0,63.0,11,14
3,Thursday,19:15,23,30.0,33.0,63.0,10,13
3,Thursday,19:20,23,30.0,33.0,63.0,10,13
3,Thursday,19:25,22,30.0,33.0,63.0,9,13
3,Thursday,19:30,23,30.0,33.0,63.0,14,9
3,Thursday,19:35,22,30.0,33.0,63.0,13,9
3,Thursday,19:40,22,30.0,33.0,63.0,13,9
3,Thursday,19:45,22,30.0,33.0,63.0,13,9
3,Thursday,19:50,21,30.0,33.0,63.0,12,9
3,Thursday,19:55,21,30.0,33.0,63.0,12,9
3,Thursday,20:00,13,27.0,10.0,37.0,7,6
3,Thursday,20:05,12,27.0,10.0,37.0,6,6
3,Thursday,20:10,12,27.0,10.0,37.0,6,6
3,Thursday,20:15,12,27.0,10.0,37.0,6,6
3,Thursday,20:20,12,27.0,10.0,37.0,6,6
3,Thursday,20:25,11,27.0,10.0,37.0,5,6
3,Thursday,20:30,11,27.0,10.0,37.0,3,8
3,Thursday,20:35,11,27.0,10.0,37.0,3,8
3,Thursday,20:40,11,27.0,10.0,37.0,3,8
3,Thursday,20:45,11,27.0,10.0,37.0,3,8
3,Thursday,20:50,11,27.0,10.0,37.0,3,8
3,Thursday,20:55,11,27.0,10.0,37.0,3,8
3,Thursday,21:00,13,27.0,10.0,37.0,7,6
3,Thursday,21:05,13,27.0,10.0,37.0,7,6
3,Thursday,21:10,16,27.0,10.0,37.0,10,6
3,Thursday,21:15,19,27.0,10.0,37.0,14,5
3,Thursday,21:20,26,27.0,10.0,37.0,21,5
3,Thursday,21:25,31,27.0,10.0,37.0,26,5
3,Thursday,21:30,32,27.0,10.0,37.0,27,5
3,Thursday,21:35,27,27.0,10.0,37.0,22,5
3,Thursday,21:40,21,27.0,10.0,37.0,16,5
3,Thursday,21:45,15,27.0,10.0,37.0,10,5
3,Thursday,21:50,12,27.0,10.0,37.0,7,5
3,Thursday,21:55,11,27.0,10.0,37.0,6,5
3,Thursday,22:00,16,27.0,10.0,37.0,6,10
3,Thursday,22:05,16,27.0,10.0,37.0,6,10
3,Thursday,22:10,16,27.0,10.0,37.0,6,10
3,Thursday,22:15,16,27.0,10.0,37.0,6,10
3,Thursday,22:20,16,27.0,10.0,37.0,6,10
3,Thursday,22:25,16,27.0,10.0,37.0,6,10
3,Thursday,22:30,5,27.0,10.0,37.0,0,5
3,Thursday,22:35,4,27.0,10.0,37.0,0,4
3,Thursday,22:40,4,27.0,10.0,37.0,0,4
3,Thursday,22:45,3,27.0,10.0,37.0,0,3
3,Thursday,22:50,3,27.0,10.0,37.0,0,3
3,Thursday,22:55,2,27.0,10.0,37.0,0,2
3,Thursday,23:00,3,1.0,5.0,6.0,1,2
3,Thursday,23:05,2,1.0,5.0,6.0,1,1
3,Thursday,23:10,2,1.0,5.0,6.0,1,1
3,Thursday,23:15,0,1.0,5.0,6.0,0,0
3,Thursday,23:20,0,1.0,5.0,6.0,0,0
3,Thursday,23:25,0,1.0,5.0,6.0,0,0
3,Thursday,23:30,0,1.0,5.0,6.0,0,0
3,Thursday,23:35,0,1.0,5.0,6.0,0,0
3,Thursday,23:40,0,1.0,5.0,6.0,0,0
3,Thursday,23:45,0,1.0,5.0,6.0,0,0
3,Thursday,23:50,0,1.0,5.0,6.0,0,0
3,Thursday,23:55,0,1.0,5.0,6.0,0,0
4,Friday,00:00,5,1.0,5.0,6.0,0,5
4,Friday,00:05,5,1.0,5.0,6.0,0,5
4,Friday,00:10,5,1.0,5.0,6.0,0,5
4,Friday,00:15,5,1.0,5.0,6.0,0,5
4,Friday,00:20,5,1.0,5.0,6.0,0,5
4,Friday,00:25,5,1.0,5.0,6.0,0,5
4,Friday,00:30,0,1.0,5.0,6.0,0,0
4,Friday,00:35,0,1.0,5.0,6.0,0,0
4,Friday,00:40,0,1.0,5.0,6.0,0,0
4,Friday,00:45,0,1.0,5.0,6.0,0,0
4,Friday,00:50,0,1.0,5.0,6.0,0,0
4,Friday,00:55,0,1.0,5.0,6.0,0,0
4,Friday,01:00,8,14.0,8.0,22.0,0,8
4,Friday,01:05,8,14.0,8.0,22.0,0,8
4,Friday,01:10,8,14.0,8.0,22.0,0,8
4,Friday,01:15,8,14.0,8.0,22.0,0,8
4,Friday,01:20,8,14.0,8.0,22.0,0,8
4,Friday,01:25,8,14.0,8.0,22.0,0,8
4,Friday,01:30,2,14.0,8.0,22.0,0,2
4,Friday,01:35,2,14.0,8.0,22.0,0,2
4,Friday,01:40,2,14.0,8.0,22.0,0,2
4,Friday,01:45,2,14.0,8.0,22.0,0,2
4,Friday,01:50,2,14.0,8.0,22.0,0,2
4,Friday,01:55,2,14.0,8.0,22.0,0,2
4,Friday,02:00,0,14.0,8.0,22.0,0,0
4,Friday,02:05,0,14.0,8.0,22.0,0,0
4,Friday,02:10,0,14.0,8.0,22.0,0,0
4,Friday,02:15,0,14.0,8.0,22.0,0,0
4,Friday,02:20,0,14.0,8.0,22.0,0,0
4,Friday,02:25,0,14.0,8.0,22.0,0,0
4,Friday,02:30,4,14.0,8.0,22.0,2,2
4,Friday,02:35,4,14.0,8.0,22.0,2,2
4,Friday,02:40,4,14.0,8.0,22.0,2,2
4,Friday,02:45,4,14.0,8.0,22.0,2,2
4,Friday,02:50,4,14.0,8.0,22.0,2,2
4,Friday,02:55,4,14.0,8.0,22.0,2,2
4,Friday,03:00,0,14.0,8.0,22.0,0,0
4,Friday,03:05,0,14.0,8.0,22.0,0,0
4,Friday,03:10,0,14.0,8.0,22.0,0,0
4,Friday,03:15,0,14.0,8.0,22.0,0,0
4,Friday,03:20,0,14.0,8.0,22.0,0,0
4,Friday,03:25,0,14.0,8.0,22.0,0,0
4,Friday,03:30,2,14.0,8.0,22.0,0,2
4,Friday,03:35,2,14.0,8.0,22.0,0,2
4,Friday,03:40,2,14.0,8.0,22.0,0,2
4,Friday,03:45,2,14.0,8.0,22.0,0,2
4,Friday,03:50,2,14.0,8.0,22.0,0,2
4,Friday,03:55,2,14.0,8.0,22.0,0,2
4,Friday,04:00,0,14.0,8.0,22.0,0,0
4,Friday,04:05,0,14.0,8.0,22.0,0,0
4,Friday,04:10,0,14.0,8.0,22.0,0,0
4,Friday,04:15,0,14.0,8.0,22.0,0,0
4,Friday,04:20,0,14.0,8.0,22.0,0,0
4,Friday,04:25,0,14.0,8.0,22.0,0,0
4,Friday,04:30,2,14.0,8.0,22.0,2,0
4,Friday,04:35,2,14.0,8.0,22.0,2,0
4,Friday,04:40,2,14.0,8.0,22.0,2,0
4,Friday,04:45,2,14.0,8.0,22.0,2,0
4,Friday,04:50,2,14.0,8.0,22.0,2,0
4,Friday,04:55,2,14.0,8.0,22.0,2,0
4,Friday,05:00,2,14.0,8.0,22.0,0,2
4,Friday,05:05,2,14.0,8.0,22.0,0,2
4,Friday,05:10,3,14.0,8.0,22.0,1,2
4,Friday,05:15,4,14.0,8.0,22.0,2,2
4,Friday,05:20,5,14.0,8.0,22.0,3,2
4,Friday,05:25,6,14.0,8.0,22.0,4,2
4,Friday,05:30,13,14.0,8.0,22.0,7,6
4,Friday,05:35,14,14.0,8.0,22.0,8,6
4,Friday,05:40,15,14.0,8.0,22.0,9,6
4,Friday,05:45,17,14.0,8.0,22.0,11,6
4,Friday,05:50,19,14.0,8.0,22.0,12,7
4,Friday,05:55,21,14.0,8.0,22.0,14,7
4,Friday,06:00,17,31.0,44.0,75.0,15,2
4,Friday,06:05,19,31.0,44.0,75.0,17,2
4,Friday,06:10,22,31.0,44.0,75.0,19,3
4,Friday,06:15,23,31.0,44.0,75.0,20,3
4,Friday,06:20,26,31.0,44.0,75.0,22,4
4,Friday,06:25,28,31.0,44.0,75.0,24,4
4,Friday,06:30,33,31.0,44.0,75.0,29,4
4,Friday,06:35,34,31.0,44.0,75.0,29,5
4,Friday,06:40,35,31.0,44.0,75.0,30,5
4,Friday,06:45,35,31.0,44.0,75.0,30,5
4,Friday,06:50,37,31.0,44.0,75.0,31,6
4,Friday,06:55,37,31.0,44.0,75.0,31,6
4,Friday,07:00,42,31.0,44.0,75.0,31,11
4,Friday,07:05,43,31.0,44.0,75.0,31,12
4,Friday,07:10,43,31.0,44.0,75.0,31,12
4,Friday,07:15,44,31.0,44.0,75.0,31,13
4,Friday,07:20,44,31.0,44.0,75.0,31,13
4,Friday,07:25,45,31.0,44.0,75.0,31,14
4,Friday,07:30,36,31.0,44.0,75.0,26,10
4,Friday,07:35,35,31.0,44.0,75.0,25,10
4,Friday,07:40,36,31.0,44.0,75.0,25,11
4,Friday,07:45,37,31.0,44.0,75.0,25,12
4,Friday,07:50,36,31.0,44.0,75.0,24,12
4,Friday,07:55,36,31.0,44.0,75.0,23,13
4,Friday,08:00,42,31.0,44.0,75.0,28,14
4,Friday,08:05,42,31.0,44.0,75.0,27,15
4,Friday,08:10,42,31.0,44.0,75.0,26,16
4,Friday,08:15,43,31.0,44.0,75.0,26,17
4,Friday,08:20,43,31.0,44.0,75.0,25,18
4,Friday,08:25,44,31.0,44.0,75.0,24,20
4,Friday,08:30,47,31.0,44.0,75.0,18,29
4,Friday,08:35,52,31.0,44.0,75.0,17,35
4,Friday,08:40,58,31.0,44.0,75.0,17,41
4,Friday,08:45,60,31.0,44.0,75.0,16,44
4,Friday,08:50,58,31.0,44.0,75.0,15,43
4,Friday,08:55,52,31.0,44.0,75.0,14,38
4,Friday,09:00,47,29.0,45.0,74.0,18,29
4,Friday,09:05,44,29.0,45.0,74.0,18,26
4,Friday,09:10,42,29.0,45.0,74.0,17,25
4,Friday,09:15,41,29.0,45.0,74.0,16,25
4,Friday,09:20,42,29.0,45.0,74.0,16,26
4,Friday,09:25,41,29.0,45.0,74.0,15,26
4,Friday,09:30,37,29.0,45.0,74.0,6,31
4,Friday,09:35,37,29.0,45.0,74.0,6,31
4,Friday,09:40,38,29.0,45.0,74.0,7,31
4,Friday,09:45,40,29.0,45.0,74.0,9,31
4,Friday,09:50,45,29.0,45.0,74.0,14,31
4,Friday,09:55,52,29.0,45.0,74.0,21,31
4,Friday,10:00,52,29.0,45.0,74.0,29,23
4,Friday,10:05,52,29.0,45.0,74.0,28,24
4,Friday,10:10,48,29.0,45.0,74.0,22,26
4,Friday,10:15,46,29.0,45.0,74.0,15,31
4,Friday,10:20,47,29.0,45.0,74.0,9,38
4,Friday,10:25,50,29.0,45.0,74.0,6,44
4,Friday,10:30,50,29.0,45.0,74.0,5,45
4,Friday,10:35,44,29.0,45.0,74.0,5,39
4,Friday,10:40,36,29.0,45.0,74.0,5,31
4,Friday,10:45,28,29.0,45.0,74.0,4,24
4,Friday,10:50,23,29.0,45.0,74.0,4,19
4,Friday,10:55,20,29.0,45.0,74.0,4,16
4,Friday,11:00,20,11.0,28.0,39.0,4,16
4,Friday,11:05,16,11.0,28.0,39.0,4,12
4,Friday,11:10,10,11.0,28.0,39.0,4,6
4,Friday,11:15,6,11.0,28.0,39.0,4,2
4,Friday,11:20,4,11.0,28.0,39.0,4,0
4,Friday,11:25,4,11.0,28.0,39.0,4,0
4,Friday,11:30,4,11.0,28.0,39.0,2,2
4,Friday,11:35,10,11.0,28.0,39.0,2,8
4,Friday,11:40,16,11.0,28.0,39.0,2,14
4,Friday,11:45,19,11.0,28.0,39.0,2,17
4,Friday,11:50,19,11.0,28.0,39.0,2,17
4,Friday,11:55,17,11.0,28.0,39.0,2,15
4,Friday,12:00,13,11.0,28.0,39.0,4,9
4,Friday,12:05,11,11.0,28.0,39.0,4,7
4,Friday,12:10,11,11.0,28.0,39.0,4,7
4,Friday,12:15,10,11.0,28.0,39.0,4,6
4,Friday,12:20,11,11.0,28.0,39.0,5,6
4,Friday,12:25,11,11.0,28.0,39.0,5,6
4,Friday,12:30,16,11.0,28.0,39.0,5,11
4,Friday,12:35,16,11.0,28.0,39.0,5,11
4,Friday,12:40,16,11.0,28.0,39.0,5,11
4,Friday,12:45,16,11.0,28.0,39.0,5,11
4,Friday,12:50,17,11.0,28.0,39.0,6,11
4,Friday,12:55,17,11.0,28.0,39.0,6,11
4,Friday,13:00,22,11.0,28.0,39.0,8,14
4,Friday,13:05,23,11.0,28.0,39.0,9,14
4,Friday,13:10,24,11.0,28.0,39.0,9,15
4,Friday,13:15,24,11.0,28.0,39.0,9,15
4,Friday,13:20,26,11.0,28.0,39.0,10,16
4,Friday,13:25,29,11.0,28.0,39.0,10,19
4,Friday,13:30,26,11.0,28.0,39.0,7,19
4,Friday,13:35,31,11.0,28.0,39.0,7,24
4,Friday,13:40,36,11.0,28.0,39.0,8,28
4,Friday,13:45,36,11.0,28.0,39.0,8,28
4,Friday,13:50,34,11.0,28.0,39.0,9,25
4,Friday,13:55,31,11.0,28.0,39.0,10,21
4,Friday,14:00,30,37.0,31.0,68.0,12,18
4,Friday,14:05,30,37.0,31.0,68.0,13,17
4,Friday,14:10,31,37.0,31.0,68.0,14,17
4,Friday,14:15,32,37.0,31.0,68.0,15,17
4,Friday,14:20,33,37.0,31.0,68.0,15,18
4,Friday,14:25,35,37.0,31.0,68.0,16,19
4,Friday,14:30,44,37.0,31.0,68.0,19,25
4,Friday,14:35,46,37.0,31.0,68.0,20,26
4,Friday,14:40,47,37.0,31.0,68.0,21,26
4,Friday,14:45,49,37.0,31.0,68.0,22,27
4,Friday,14:50,51,37.0,31.0,68.0,23,28
4,Friday,14:55,53,37.0,31.0,68.0,24,29
4,Friday,15:00,48,37.0,31.0,68.0,23,25
4,Friday,15:05,49,37.0,31.0,68.0,24,25
4,Friday,15:10,51,37.0,31.0,68.0,25,26
4,Friday,15:15,53,37.0,31.0,68.0,26,27
4,Friday,15:20,55,37.0,31.0,68.0,27,28
4,Friday,15:25,56,37.0,31.0,68.0,28,28
4,Friday,15:30,63,37.0,31.0,68.0,34,29
4,Friday,15:35,64,37.0,31.0,68.0,35,29
4,Friday,15:40,66,37.0,31.0,68.0,36,30
4,Friday,15:45,66,37.0,31.0,68.0,36,30
4,Friday,15:50,68,37.0,31.0,68.0,37,31
4,Friday,15:55,67,37.0,31.0,68.0,36,31
4,Friday,16:00,59,37.0,31.0,68.0,31,28
4,Friday,16:05,57,37.0,31.0,68.0,30,27
4,Friday,16:10,56,37.0,31.0,68.0,30,26
4,Friday,16:15,55,37.0,31.0,68.0,31,24
4,Friday,16:20,53,37.0,31.0,68.0,32,21
4,Friday,16:25,52,37.0,31.0,68.0,34,18
4,Friday,16:30,48,37.0,31.0,68.0,33,15
4,Friday,16:35,48,37.0,31.0,68.0,34,14
4,Friday,16:40,50,37.0,31.0,68.0,35,15
4,Friday,16:45,54,37.0,31.0,68.0,36,18
4,Friday,16:50,56,37.0,31.0,68.0,36,20
4,Friday,16:55,59,37.0,31.0,68.0,36,23
4,Friday,17:00,74,43.0,36.0,79.0,39,35
4,Friday,17:05,75,43.0,36.0,79.0,39,36
4,Friday,17:10,75,43.0,36.0,79.0,39,36
4,Friday,17:15,73,43.0,36.0,79.0,38,35
4,Friday,17:20,72,43.0,36.0,79.0,38,34
4,Friday,17:25,72,43.0,36.0,79.0,38,34
4,Friday,17:30,62,43.0,36.0,79.0,39,23
4,Friday,17:35,60,43.0,36.0,79.0,38,22
4,Friday,17:40,59,43.0,36.0,79.0,38,21
4,Friday,17:45,58,43.0,36.0,79.0,37,21
4,Friday,17:50,58,43.0,36.0,79.0,38,20
4,Friday,17:55,58,43.0,36.0,79.0,39,19
4,Friday,18:00,58,43.0,36.0,79.0,40,18
4,Friday,18:05,60,43.0,36.0,79.0,43,17
4,Friday,18:10,59,43.0,36.0,79.0,43,16
4,Friday,18:15,56,43.0,36.0,79.0,40,16
4,Friday,18:20,50,43.0,36.0,79.0,35,15
4,Friday,18:25,45,43.0,36.0,79.0,31,14
4,Friday,18:30,45,43.0,36.0,79.0,28,17
4,Friday,18:35,42,43.0,36.0,79.0,26,16
4,Friday,18:40,40,43.0,36.0,79.0,24,16
4,Friday,18:45,38,43.0,36.0,79.0,23,15
4,Friday,18:50,36,43.0,36.0,79.0,22,14
4,Friday,18:55,35,43.0,36.0,79.0,21,14
4,Friday,19:00,38,43.0,36.0,79.0,22,16
4,Friday,19:05,36,43.0,36.0,79.0,21,15
4,Friday,19:10,35,43.0,36.0,79.0,20,15
4,Friday,19:15,33,43.0,36.0,79.0,19,14
4,Friday,19:20,32,43.0,36.0,79.0,18,14
4,Friday,19:25,31,43.0,36.0,79.0,18,13
4,Friday,19:30,23,43.0,36.0,79.0,15,8
4,Friday,19:35,21,43.0,36.0,79.0,14,7
4,Friday,19:40,20,43.0,36.0,79.0,13,7
4,Friday,19:45,18,43.0,36.0,79.0,12,6
4,Friday,19:50,18,43.0,36.0,79.0,12,6
4,Friday,19:55,17,43.0,36.0,79.0,11,6
4,Friday,20:00,19,23.0,7.0,30.0,12,7
4,Friday,20:05,19,23.0,7.0,30.0,12,7
4,Friday,20:10,18,23.0,7.0,30.0,11,7
4,Friday,20:15,18,23.0,7.0,30.0,11,7
4,Friday,20:20,16,23.0,7.0,30.0,10,6
4,Friday,20:25,16,23.0,7.0,30.0,10,6
4,Friday,20:30,11,23.0,7.0,30.0,7,4
4,Friday,20:35,11,23.0,7.0,30.0,7,4
4,Friday,20:40,11,23.0,7.0,30.0,7,4
4,Friday,20:45,10,23.0,7.0,30.0,6,4
4,Friday,20:50,10,23.0,7.0,30.0,6,4
4,Friday,20:55,9,23.0,7.0,30.0,6,3
4,Friday,21:00,11,23.0,7.0,30.0,6,5
4,Friday,21:05,11,23.0,7.0,30.0,6,5
4,Friday,21:10,11,23.0,7.0,30.0,6,5
4,Friday,21:15,13,23.0,7.0,30.0,8,5
4,Friday,21:20,17,23.0,7.0,30.0,12,5
4,Friday,21:25,21,23.0,7.0,30.0,16,5
4,Friday,21:30,26,23.0,7.0,30.0,23,3
4,Friday,21:35,25,23.0,7.0,30.0,22,3
4,Friday,21:40,21,23.0,7.0,30.0,18,3
4,Friday,21:45,16,23.0,7.0,30.0,13,3
4,Friday,21:50,14,23.0,7.0,30.0,11,3
4,Friday,21:55,12,23.0,7.0,30.0,9,3
4,Friday,22:00,6,23.0,7.0,30.0,1,5
4,Friday,22:05,6,23.0,7.0,30.0,1,5
4,Friday,22:10,6,23.0,7.0,30.0,1,5
4,Friday,22:15,6,23.0,7.0,30.0,1,5
4,Friday,22:20,6,23.0,7.0,30.0,1,5
4,Friday,22:25,6,23.0,7.0,30.0,1,5
4,Friday,22:30,3,23.0,7.0,30.0,1,2
4,Friday,22:35,3,23.0,7.0,30.0,1,2
4,Friday,22:40,3,23.0,7.0,30.0,1,2
4,Friday,22:45,2,23.0,7.0,30.0,0,2
4,Friday,22:50,1,23.0,7.0,30.0,0,1
4,Friday,22:55,1,23.0,7.0,30.0,0,1
4,Friday,23:00,12,6.0,6.0,12.0,6,6
4,Friday,23:05,12,6.0,6.0,12.0,6,6
4,Friday,23:10,10,6.0,6.0,12.0,5,5
4,Friday,23:15,10,6.0,6.0,12.0,5,5
4,Friday,23:20,10,6.0,6.0,12.0,5,5
4,Friday,23:25,10,6.0,6.0,12.0,5,5
4,Friday,23:30,0,6.0,6.0,12.0,0,0
4,Friday,23:35,0,6.0,6.0,12.0,0,0
4,Friday,23:40,0,6.0,6.0,12.0,0,0
4,Friday,23:45,0,6.0,6.0,12.0,0,0
4,Friday,23:50,0,6.0,6.0,12.0,0,0
4,Friday,23:55,0,6.0,6.0,12.0,0,0
5,Saturday,00:00,0,8.0,8.0,16.0,0,0
5,Saturday,00:05,0,8.0,8.0,16.0,0,0
5,Saturday,00:10,0,8.0,8.0,16.0,0,0
5,Saturday,00:15,0,8.0,8.0,16.0,0,0
5,Saturday,00:20,0,8.0,8.0,16.0,0,0
5,Saturday,00:25,0,8.0,8.0,16.0,0,0
5,Saturday,00:30,0,8.0,8.0,16.0,0,0
5,Saturday,00:35,0,8.0,8.0,16.0,0,0
5,Saturday,00:40,0,8.0,8.0,16.0,0,0
5,Saturday,00:45,0,8.0,8.0,16.0,0,0
5,Saturday,00:50,0,8.0,8.0,16.0,0,0
5,Saturday,00:55,0,8.0,8.0,16.0,0,0
5,Saturday,01:00,5,8.0,8.0,16.0,5,0
5,Saturday,01:05,5,8.0,8.0,16.0,5,0
5,Saturday,01:10,5,8.0,8.0,16.0,5,0
5,Saturday,01:15,5,8.0,8.0,16.0,5,0
5,Saturday,01:20,5,8.0,8.0,16.0,5,0
5,Saturday,01:25,5,8.0,8.0,16.0,5,0
5,Saturday,01:30,2,8.0,8.0,16.0,0,2
5,Saturday,01:35,2,8.0,8.0,16.0,0,2
5,Saturday,01:40,2,8.0,8.0,16.0,0,2
5,Saturday,01:45,2,8.0,8.0,16.0,0,2
5,Saturday,01:50,2,8.0,8.0,16.0,0,2
5,Saturday,01:55,2,8.0,8.0,16.0,0,2
5,Saturday,02:00,8,8.0,8.0,16.0,0,8
5,Saturday,02:05,8,8.0,8.0,16.0,0,8
5,Saturday,02:10,8,8.0,8.0,16.0,0,8
5,Saturday,02:15,8,8.0,8.0,16.0,0,8
5,Saturday,02:20,8,8.0,8.0,16.0,0,8
5,Saturday,02:25,8,8.0,8.0,16.0,0,8
5,Saturday,02:30,0,8.0,8.0,16.0,0,0
5,Saturday,02:35,0,8.0,8.0,16.0,0,0
5,Saturday,02:40,0,8.0,8.0,16.0,0,0
5,Saturday,02:45,0,8.0,8.0,16.0,0,0
5,Saturday,02:50,0,8.0,8.0,16.0,0,0
5,Saturday,02:55,0,8.0,8.0,16.0,0,0
5,Saturday,03:00,2,8.0,8.0,16.0,2,0
5,Saturday,03:05,2,8.0,8.0,16.0,2,0
5,Saturday,03:10,2,8.0,8.0,16.0,2,0
5,Saturday,03:15,2,8.0,8.0,16.0,2,0
5,Saturday,03:20,2,8.0,8.0,16.0,2,0
5,Saturday,03:25,2,8.0,8.0,16.0,2,0
5,Saturday,03:30,5,8.0,8.0,16.0,0,5
5,Saturday,03:35,5,8.0,8.0,16.0,0,5
5,Saturday,03:40,5,8.0,8.0,16.0,0,5
5,Saturday,03:45,5,8.0,8.0,16.0,0,5
5,Saturday,03:50,5,8.0,8.0,16.0,0,5
5,Saturday,03:55,5,8.0,8.0,16.0,0,5
5,Saturday,04:00,10,8.0,8.0,16.0,5,5
5,Saturday,04:05,10,8.0,8.0,16.0,5,5
5,Saturday,04:10,10,8.0,8.0,16.0,5,5
5,Saturday,04:15,10,8.0,8.0,16.0,5,5
5,Saturday,04:20,10,8.0,8.0,16.0,5,5
5,Saturday,04:25,10,8.0,8.0,16.0,5,5
5,Saturday,04:30,2,8.0,8.0,16.0,0,2
5,Saturday,04:35,2,8.0,8.0,16.0,0,2
5,Saturday,04:40,2,8.0,8.0,16.0,0,2
5,Saturday,04:45,2,8.0,8.0,16.0,0,2
5,Saturday,04:50,2,8.0,8.0,16.0,0,2
5,Saturday,04:55,2,8.0,8.0,16.0,0,2
5,Saturday,05:00,5,8.0,8.0,16.0,0,5
5,Saturday,05:05,5,8.0,8.0,16.0,0,5
5,Saturday,05:10,5,8.0,8.0,16.0,0,5
5,Saturday,05:15,5,8.0,8.0,16.0,0,5
5,Saturday,05:20,6,8.0,8.0,16.0,0,6
5,Saturday,05:25,6,8.0,8.0,16.0,0,6
5,Saturday,05:30,2,8.0,8.0,16.0,0,2
5,Saturday,05:35,2,8.0,8.0,16.0,0,2
5,Saturday,05:40,3,8.0,8.0,16.0,0,3
5,Saturday,05:45,4,8.0,8.0,16.0,1,3
5,Saturday,05:50,5,8.0,8.0,16.0,1,4
5,Saturday,05:55,7,8.0,8.0,16.0,2,5
5,Saturday,06:00,14,18.0,33.0,51.0,4,10
5,Saturday,06:05,16,18.0,33.0,51.0,5,11
5,Saturday,06:10,18,18.0,33.0,51.0,6,12
5,Saturday,06:15,20,18.0,33.0,51.0,7,13
5,Saturday,06:20,22,18.0,33.0,51.0,8,14
5,Saturday,06:25,23,18.0,33.0,51.0,8,15
5,Saturday,06:30,21,18.0,33.0,51.0,9,12
5,Saturday,06:35,23,18.0,33.0,51.0,10,13
5,Saturday,06:40,26,18.0,33.0,51.0,10,16
5,Saturday,06:45,32,18.0,33.0,51.0,11,21
5,Saturday,06:50,37,18.0,33.0,51.0,11,26
5,Saturday,06:55,39,18.0,33.0,51.0,11,28
5,Saturday,07:00,50,18.0,33.0,51.0,17,33
5,Saturday,07:05,46,18.0,33.0,51.0,17,29
5,Saturday,07:10,43,18.0,33.0,51.0,17,26
5,Saturday,07:15,41,18.0,33.0,51.0,18,23
5,Saturday,07:20,41,18.0,33.0,51.0,18,23
5,Saturday,07:25,41,18.0,33.0,51.0,18,23
5,Saturday,07:30,31,18.0,33.0,51.0,13,18
5,Saturday,07:35,32,18.0,33.0,51.0,13,19
5,Saturday,07:40,32,18.0,33.0,51.0,13,19
5,Saturday,07:45,32,18.0,33.0,51.0,13,19
5,Saturday,07:50,33,18.0,33.0,51.0,13,20
5,Saturday,07:55,33,18.0,33.0,51.0,13,20
5,Saturday,08:00,38,18.0,33.0,51.0,18,20
5,Saturday,08:05,38,18.0,33.0,51.0,18,20
5,Saturday,08:10,38,18.0,33.0,51.0,18,20
5,Saturday,08:15,38,18.0,33.0,51.0,18,20
5,Saturday,08:20,37,18.0,33.0,51.0,17,20
5,Saturday,08:25,36,18.0,33.0,51.0,17,19
5,Saturday,08:30,41,18.0,33.0,51.0,17,24
5,Saturday,08:35,39,18.0,33.0,51.0,16,23
5,Saturday,08:40,38,18.0,33.0,51.0,16,22
5,Saturday,08:45,35,18.0,33.0,51.0,16,19
5,Saturday,08:50,32,18.0,33.0,51.0,15,17
5,Saturday,08:55,29,18.0,33.0,51.0,15,14
5,Saturday,09:00,21,10.0,25.0,35.0,9,12
5,Saturday,09:05,20,10.0,25.0,35.0,9,11
5,Saturday,09:10,20,10.0,25.0,35.0,9,11
5,Saturday,09:15,21,10.0,25.0,35.0,8,13
5,Saturday,09:20,23,10.0,25.0,35.0,8,15
5,Saturday,09:25,23,10.0,25.0,35.0,7,16
5,Saturday,09:30,21,10.0,25.0,35.0,7,14
5,Saturday,09:35,20,10.0,25.0,35.0,6,14
5,Saturday,09:40,20,10.0,25.0,35.0,6,14
5,Saturday,09:45,20,10.0,25.0,35.0,6,14
5,Saturday,09:50,18,10.0,25.0,35.0,5,13
5,Saturday,09:55,18,10.0,25.0,35.0,5,13
5,Saturday,10:00,15,10.0,25.0,35.0,7,8
5,Saturday,10:05,16,10.0,25.0,35.0,6,10
5,Saturday,10:10,20,10.0,25.0,35.0,6,14
5,Saturday,10:15,23,10.0,25.0,35.0,6,17
5,Saturday,10:20,23,10.0,25.0,35.0,5,18
5,Saturday,10:25,20,10.0,25.0,35.0,5,15
5,Saturday,10:30,22,10.0,25.0,35.0,3,19
5,Saturday,10:35,16,10.0,25.0,35.0,3,13
5,Saturday,10:40,12,10.0,25.0,35.0,3,9
5,Saturday,10:45,9,10.0,25.0,35.0,2,7
5,Saturday,10:50,9,10.0,25.0,35.0,2,7
5,Saturday,10:55,11,10.0,25.0,35.0,2,9
5,Saturday,11:00,9,11.0,8.0,19.0,7,2
5,Saturday,11:05,10,11.0,8.0,19.0,7,3
5,Saturday,11:10,11,11.0,8.0,19.0,7,4
5,Saturday,11:15,11,11.0,8.0,19.0,7,4
5,Saturday,11:20,11,11.0,8.0,19.0,7,4
5,Saturday,11:25,11,11.0,8.0,19.0,7,4
5,Saturday,11:30,3,11.0,8.0,19.0,1,2
5,Saturday,11:35,6,11.0,8.0,19.0,4,2
5,Saturday,11:40,8,11.0,8.0,19.0,7,1
5,Saturday,11:45,11,11.0,8.0,19.0,10,1
5,Saturday,11:50,11,11.0,8.0,19.0,10,1
5,Saturday,11:55,8,11.0,8.0,19.0,7,1
5,Saturday,12:00,10,11.0,8.0,19.0,5,5
5,Saturday,12:05,7,11.0,8.0,19.0,2,5
5,Saturday,12:10,6,11.0,8.0,19.0,1,5
5,Saturday,12:15,5,11.0,8.0,19.0,0,5
5,Saturday,12:20,5,11.0,8.0,19.0,0,5
5,Saturday,12:25,5,11.0,8.0,19.0,0,5
5,Saturday,12:30,10,11.0,8.0,19.0,2,8
5,Saturday,12:35,11,11.0,8.0,19.0,3,8
5,Saturday,12:40,11,11.0,8.0,19.0,3,8
5,Saturday,12:45,11,11.0,8.0,19.0,3,8
5,Saturday,12:50,11,11.0,8.0,19.0,3,8
5,Saturday,12:55,11,11.0,8.0,19.0,3,8
5,Saturday,13:00,13,11.0,8.0,19.0,11,2
5,Saturday,13:05,12,11.0,8.0,19.0,11,1
5,Saturday,13:10,11,11.0,8.0,19.0,11,0
5,Saturday,13:15,10,11.0,8.0,19.0,10,0
5,Saturday,13:20,9,11.0,8.0,19.0,9,0
5,Saturday,13:25,6,11.0,8.0,19.0,6,0
5,Saturday,13:30,0,11.0,8.0,19.0,0,0
5,Saturday,13:35,0,11.0,8.0,19.0,0,0
5,Saturday,13:40,0,11.0,8.0,19.0,0,0
5,Saturday,13:45,0,11.0,8.0,19.0,0,0
5,Saturday,13:50,0,11.0,8.0,19.0,0,0
5,Saturday,13:55,1,11.0,8.0,19.0,0,1
5,Saturday,14:00,4,29.0,32.0,61.0,0,4
5,Saturday,14:05,5,29.0,32.0,61.0,0,5
5,Saturday,14:10,8,29.0,32.0,61.0,1,7
5,Saturday,14:15,14,29.0,32.0,61.0,2,12
5,Saturday,14:20,20,29.0,32.0,61.0,2,18
5,Saturday,14:25,28,29.0,32.0,61.0,3,25
5,Saturday,14:30,25,29.0,32.0,61.0,0,25
5,Saturday,14:35,24,29.0,32.0,61.0,2,22
5,Saturday,14:40,22,29.0,32.0,61.0,6,16
5,Saturday,14:45,20,29.0,32.0,61.0,9,11
5,Saturday,14:50,20,29.0,32.0,61.0,12,8
5,Saturday,14:55,20,29.0,32.0,61.0,14,6
5,Saturday,15:00,28,29.0,32.0,61.0,20,8
5,Saturday,15:05,30,29.0,32.0,61.0,21,9
5,Saturday,15:10,31,29.0,32.0,61.0,22,9
5,Saturday,15:15,33,29.0,32.0,61.0,23,10
5,Saturday,15:20,34,29.0,32.0,61.0,24,10
5,Saturday,15:25,35,29.0,32.0,61.0,24,11
5,Saturday,15:30,33,29.0,32.0,61.0,20,13
5,Saturday,15:35,34,29.0,32.0,61.0,20,14
5,Saturday,15:40,35,29.0,32.0,61.0,21,14
5,Saturday,15:45,37,29.0,32.0,61.0,22,15
5,Saturday,15:50,37,29.0,32.0,61.0,22,15
5,Saturday,15:55,38,29.0,32.0,61.0,22,16
5,Saturday,16:00,44,29.0,32.0,61.0,25,19
5,Saturday,16:05,45,29.0,32.0,61.0,25,20
5,Saturday,16:10,46,29.0,32.0,61.0,26,20
5,Saturday,16:15,48,29.0,32.0,61.0,26,22
5,Saturday,16:20,50,29.0,32.0,61.0,26,24
5,Saturday,16:25,54,29.0,32.0,61.0,26,28
5,Saturday,16:30,49,29.0,32.0,61.0,21,28
5,Saturday,16:35,54,29.0,32.0,61.0,22,32
5,Saturday,16:40,54,29.0,32.0,61.0,22,32
5,Saturday,16:45,52,29.0,32.0,61.0,23,29
5,Saturday,16:50,50,29.0,32.0,61.0,25,25
5,Saturday,16:55,51,29.0,32.0,61.0,29,22
5,Saturday,17:00,52,40.0,40.0,80.0,34,18
5,Saturday,17:05,54,40.0,40.0,80.0,36,18
5,Saturday,17:10,52,40.0,40.0,80.0,34,18
5,Saturday,17:15,50,40.0,40.0,80.0,32,18
5,Saturday,17:20,50,40.0,40.0,80.0,32,18
5,Saturday,17:25,53,40.0,40.0,80.0,35,18
5,Saturday,17:30,61,40.0,40.0,80.0,40,21
5,Saturday,17:35,61,40.0,40.0,80.0,39,22
5,Saturday,17:40,60,40.0,40.0,80.0,35,25
5,Saturday,17:45,58,40.0,40.0,80.0,28,30
5,Saturday,17:50,59,40.0,40.0,80.0,23,36
5,Saturday,17:55,60,40.0,40.0,80.0,20,40
5,Saturday,18:00,59,40.0,40.0,80.0,19,40
5,Saturday,18:05,52,40.0,40.0,80.0,18,34
5,Saturday,18:10,45,40.0,40.0,80.0,17,28
5,Saturday,18:15,39,40.0,40.0,80.0,16,23
5,Saturday,18:20,36,40.0,40.0,80.0,16,20
5,Saturday,18:25,34,40.0,40.0,80.0,15,19
5,Saturday,18:30,35,40.0,40.0,80.0,12,23
5,Saturday,18:35,35,40.0,40.0,80.0,12,23
5,Saturday,18:40,34,40.0,40.0,80.0,11,23
5,Saturday,18:45,32,40.0,40.0,80.0,10,22
5,Saturday,18:50,32,40.0,40.0,80.0,10,22
5,Saturday,18:55,30,40.0,40.0,80.0,9,21
5,Saturday,19:00,24,40.0,40.0,80.0,10,14
5,Saturday,19:05,23,40.0,40.0,80.0,10,13
5,Saturday,19:10,22,40.0,40.0,80.0,9,13
5,Saturday,19:15,21,40.0,40.0,80.0,9,12
5,Saturday,19:20,20,40.0,40.0,80.0,8,12
5,Saturday,19:25,19,40.0,40.0,80.0,8,11
5,Saturday,19:30,25,40.0,40.0,80.0,12,13
5,Saturday,19:35,24,40.0,40.0,80.0,12,12
5,Saturday,19:40,23,40.0,40.0,80.0,11,12
5,Saturday,19:45,22,40.0,40.0,80.0,11,11
5,Saturday,19:50,21,40.0,40.0,80.0,10,11
5,Saturday,19:55,20,40.0,40.0,80.0,10,10
5,Saturday,20:00,20,20.0,15.0,35.0,5,15
5,Saturday,20:05,18,20.0,15.0,35.0,4,14
5,Saturday,20:10,18,20.0,15.0,35.0,4,14
5,Saturday,20:15,17,20.0,15.0,35.0,4,13
5,Saturday,20:20,17,20.0,15.0,35.0,4,13
5,Saturday,20:25,18,20.0,15.0,35.0,6,12
5,Saturday,20:30,13,20.0,15.0,35.0,8,5
5,Saturday,20:35,19,20.0,15.0,35.0,14,5
5,Saturday,20:40,23,20.0,15.0,35.0,19,4
5,Saturday,20:45,24,20.0,15.0,35.0,20,4
5,Saturday,20:50,20,20.0,15.0,35.0,16,4
5,Saturday,20:55,14,20.0,15.0,35.0,10,4
5,Saturday,21:00,13,20.0,15.0,35.0,6,7
5,Saturday,21:05,10,20.0,15.0,35.0,3,7
5,Saturday,21:10,9,20.0,15.0,35.0,2,7
5,Saturday,21:15,9,20.0,15.0,35.0,2,7
5,Saturday,21:20,8,20.0,15.0,35.0,2,6
5,Saturday,21:25,8,20.0,15.0,35.0,2,6
5,Saturday,21:30,6,20.0,15.0,35.0,2,4
5,Saturday,21:35,5,20.0,15.0,35.0,1,4
5,Saturday,21:40,5,20.0,15.0,35.0,1,4
5,Saturday,21:45,5,20.0,15.0,35.0,1,4
5,Saturday,21:50,5,20.0,15.0,35.0,1,4
5,Saturday,21:55,4,20.0,15.0,35.0,1,3
5,Saturday,22:00,6,20.0,15.0,35.0,1,5
5,Saturday,22:05,6,20.0,15.0,35.0,1,5
5,Saturday,22:10,6,20.0,15.0,35.0,1,5
5,Saturday,22:15,6,20.0,15.0,35.0,1,5
5,Saturday,22:20,6,20.0,15.0,35.0,1,5
5,Saturday,22:25,6,20.0,15.0,35.0,1,5
5,Saturday,22:30,9,20.0,15.0,35.0,6,3
5,Saturday,22:35,8,20.0,15.0,35.0,6,2
5,Saturday,22:40,8,20.0,15.0,35.0,6,2
5,Saturday,22:45,8,20.0,15.0,35.0,6,2
5,Saturday,22:50,6,20.0,15.0,35.0,5,1
5,Saturday,22:55,6,20.0,15.0,35.0,5,1
5,Saturday,23:00,1,0.0,5.0,5.0,0,1
5,Saturday,23:05,1,0.0,5.0,5.0,0,1
5,Saturday,23:10,0,0.0,5.0,5.0,0,0
5,Saturday,23:15,0,0.0,5.0,5.0,0,0
5,Saturday,23:20,0,0.0,5.0,5.0,0,0
5,Saturday,23:25,0,0.0,5.0,5.0,0,0
5,Saturday,23:30,5,0.0,5.0,5.0,0,5
5,Saturday,23:35,5,0.0,5.0,5.0,0,5
5,Saturday,23:40,5,0.0,5.0,5.0,0,5
5,Saturday,23:45,5,0.0,5.0,5.0,0,5
5,Saturday,23:50,5,0.0,5.0,5.0,0,5
5,Saturday,23:55,5,0.0,5.0,5.0,0,5
6,Sunday,00:00,0,0.0,5.0,5.0,0,0
6,Sunday,00:05,0,0.0,5.0,5.0,0,0
6,Sunday,00:10,0,0.0,5.0,5.0,0,0
6,Sunday,00:15,0,0.0,5.0,5.0,0,0
6,Sunday,00:20,0,0.0,5.0,5.0,0,0
6,Sunday,00:25,0,0.0,5.0,5.0,0,0
6,Sunday,00:30,0,0.0,5.0,5.0,0,0
6,Sunday,00:35,0,0.0,5.0,5.0,0,0
6,Sunday,00:40,0,0.0,5.0,5.0,0,0
6,Sunday,00:45,0,0.0,5.0,5.0,0,0
6,Sunday,00:50,0,0.0,5.0,5.0,0,0
6,Sunday,00:55,0,0.0,5.0,5.0,0,0
6,Sunday,01:00,5,5.0,8.0,13.0,0,5
6,Sunday,01:05,5,5.0,8.0,13.0,0,5
6,Sunday,01:10,5,5.0,8.0,13.0,0,5
6,Sunday,01:15,5,5.0,8.0,13.0,0,5
6,Sunday,01:20,5,5.0,8.0,13.0,0,5
6,Sunday,01:25,5,5.0,8.0,13.0,0,5
6,Sunday,01:30,0,5.0,8.0,13.0,0,0
6,Sunday,01:35,0,5.0,8.0,13.0,0,0
6,Sunday,01:40,0,5.0,8.0,13.0,0,0
6,Sunday,01:45,0,5.0,8.0,13.0,0,0
6,Sunday,01:50,0,5.0,8.0,13.0,0,0
6,Sunday,01:55,0,5.0,8.0,13.0,0,0
6,Sunday,02:00,0,5.0,8.0,13.0,0,0
6,Sunday,02:05,0,5.0,8.0,13.0,0,0
6,Sunday,02:10,0,5.0,8.0,13.0,0,0
6,Sunday,02:15,0,5.0,8.0,13.0,0,0
6,Sunday,02:20,0,5.0,8.0,13.0,0,0
6,Sunday,02:25,0,5.0,8.0,13.0,0,0
6,Sunday,02:30,10,5.0,8.0,13.0,2,8
6,Sunday,02:35,10,5.0,8.0,13.0,2,8
6,Sunday,02:40,10,5.0,8.0,13.0,2,8
6,Sunday,02:45,10,5.0,8.0,13.0,2,8
6,Sunday,02:50,10,5.0,8.0,13.0,2,8
6,Sunday,02:55,10,5.0,8.0,13.0,2,8
6,Sunday,03:00,0,5.0,8.0,13.0,0,0
6,Sunday,03:05,0,5.0,8.0,13.0,0,0
6,Sunday,03:10,0,5.0,8.0,13.0,0,0
6,Sunday,03:15,0,5.0,8.0,13.0,0,0
6,Sunday,03:20,0,5.0,8.0,13.0,0,0
6,Sunday,03:25,0,5.0,8.0,13.0,0,0
6,Sunday,03:30,5,5.0,8.0,13.0,5,0
6,Sunday,03:35,5,5.0,8.0,13.0,5,0
6,Sunday,03:40,5,5.0,8.0,13.0,5,0
6,Sunday,03:45,5,5.0,8.0,13.0,5,0
6,Sunday,03:50,5,5.0,8.0,13.0,5,0
6,Sunday,03:55,5,5.0,8.0,13.0,5,0
6,Sunday,04:00,5,5.0,8.0,13.0,0,5
6,Sunday,04:05,5,5.0,8.0,13.0,0,5
6,Sunday,04:10,5,5.0,8.0,13.0,0,5
6,Sunday,04:15,5,5.0,8.0,13.0,0,5
6,Sunday,04:20,5,5.0,8.0,13.0,0,5
6,Sunday,04:25,5,5.0,8.0,13.0,0,5
6,Sunday,04:30,0,5.0,8.0,13.0,0,0
6,Sunday,04:35,0,5.0,8.0,13.0,0,0
6,Sunday,04:40,0,5.0,8.0,13.0,0,0
6,Sunday,04:45,0,5.0,8.0,13.0,0,0
6,Sunday,04:50,0,5.0,8.0,13.0,0,0
6,Sunday,04:55,0,5.0,8.0,13.0,0,0
6,Sunday,05:00,2,5.0,8.0,13.0,2,0
6,Sunday,05:05,2,5.0,8.0,13.0,2,0
6,Sunday,05:10,2,5.0,8.0,13.0,2,0
6,Sunday,05:15,2,5.0,8.0,13.0,2,0
6,Sunday,05:20,3,5.0,8.0,13.0,2,1
6,Sunday,05:25,3,5.0,8.0,13.0,2,1
6,Sunday,05:30,0,5.0,8.0,13.0,0,0
6,Sunday,05:35,0,5.0,8.0,13.0,0,0
6,Sunday,05:40,1,5.0,8.0,13.0,0,1
6,Sunday,05:45,1,5.0,8.0,13.0,0,1
6,Sunday,05:50,2,5.0,8.0,13.0,0,2
6,Sunday,05:55,3,5.0,8.0,13.0,0,3
6,Sunday,06:00,9,14.0,24.0,38.0,1,8
6,Sunday,06:05,13,14.0,24.0,38.0,2,11
6,Sunday,06:10,18,14.0,24.0,38.0,2,16
6,Sunday,06:15,24,14.0,24.0,38.0,3,21
6,Sunday,06:20,27,14.0,24.0,38.0,3,24
6,Sunday,06:25,28,14.0,24.0,38.0,5,23
6,Sunday,06:30,30,14.0,24.0,38.0,8,22
6,Sunday,06:35,30,14.0,24.0,38.0,12,18
6,Sunday,06:40,30,14.0,24.0,38.0,14,16
6,Sunday,06:45,30,14.0,24.0,38.0,14,16
6,Sunday,06:50,28,14.0,24.0,38.0,12,16
6,Sunday,06:55,25,14.0,24.0,38.0,9,16
6,Sunday,07:00,20,14.0,24.0,38.0,9,11
6,Sunday,07:05,19,14.0,24.0,38.0,8,11
6,Sunday,07:10,19,14.0,24.0,38.0,8,11
6,Sunday,07:15,20,14.0,24.0,38.0,8,12
6,Sunday,07:20,21,14.0,24.0,38.0,9,12
6,Sunday,07:25,21,14.0,24.0,38.0,9,12
6,Sunday,07:30,16,14.0,24.0,38.0,6,10
6,Sunday,07:35,16,14.0,24.0,38.0,6,10
6,Sunday,07:40,16,14.0,24.0,38.0,6,10
6,Sunday,07:45,17,14.0,24.0,38.0,7,10
6,Sunday,07:50,17,14.0,24.0,38.0,7,10
6,Sunday,07:55,18,14.0,24.0,38.0,8,10
6,Sunday,08:00,19,14.0,24.0,38.0,7,12
6,Sunday,08:05,18,14.0,24.0,38.0,7,11
6,Sunday,08:10,19,14.0,24.0,38.0,8,11
6,Sunday,08:15,19,14.0,24.0,38.0,8,11
6,Sunday,08:20,19,14.0,24.0,38.0,8,11
6,Sunday,08:25,18,14.0,24.0,38.0,8,10
6,Sunday,08:30,22,14.0,24.0,38.0,12,10
6,Sunday,08:35,22,14.0,24.0,38.0,12,10
6,Sunday,08:40,22,14.0,24.0,38.0,12,10
6,Sunday,08:45,21,14.0,24.0,38.0,12,9
6,Sunday,08:50,21,14.0,24.0,38.0,12,9
6,Sunday,08:55,20,14.0,24.0,38.0,12,8
6,Sunday,09:00,20,19.0,16.0,35.0,12,8
6,Sunday,09:05,20,19.0,16.0,35.0,12,8
6,Sunday,09:10,19,19.0,16.0,35.0,12,7
6,Sunday,09:15,18,19.0,16.0,35.0,12,6
6,Sunday,09:20,16,19.0,16.0,35.0,12,4
6,Sunday,09:25,14,19.0,16.0,35.0,12,2
6,Sunday,09:30,12,19.0,16.0,35.0,10,2
6,Sunday,09:35,9,19.0,16.0,35.0,9,0
6,Sunday,09:40,9,19.0,16.0,35.0,9,0
6,Sunday,09:45,9,19.0,16.0,35.0,9,0
6,Sunday,09:50,9,19.0,16.0,35.0,8,1
6,Sunday,09:55,10,19.0,16.0,35.0,8,2
6,Sunday,10:00,12,19.0,16.0,35.0,10,2
6,Sunday,10:05,13,19.0,16.0,35.0,11,2
6,Sunday,10:10,15,19.0,16.0,35.0,13,2
6,Sunday,10:15,17,19.0,16.0,35.0,16,1
6,Sunday,10:20,19,19.0,16.0,35.0,19,0
6,Sunday,10:25,18,19.0,16.0,35.0,18,0
6,Sunday,10:30,13,19.0,16.0,35.0,13,0
6,Sunday,10:35,6,19.0,16.0,35.0,6,0
6,Sunday,10:40,0,19.0,16.0,35.0,0,0
6,Sunday,10:45,0,19.0,16.0,35.0,0,0
6,Sunday,10:50,0,19.0,16.0,35.0,0,0
6,Sunday,10:55,4,19.0,16.0,35.0,0,4
6,Sunday,11:00,15,7.0,23.0,30.0,4,11
6,Sunday,11:05,24,7.0,23.0,30.0,4,20
6,Sunday,11:10,27,7.0,23.0,30.0,4,23
6,Sunday,11:15,24,7.0,23.0,30.0,4,20
6,Sunday,11:20,16,7.0,23.0,30.0,4,12
6,Sunday,11:25,11,7.0,23.0,30.0,5,6
6,Sunday,11:30,6,7.0,23.0,30.0,0,6
6,Sunday,11:35,6,7.0,23.0,30.0,0,6
6,Sunday,11:40,10,7.0,23.0,30.0,0,10
6,Sunday,11:45,15,7.0,23.0,30.0,0,15
6,Sunday,11:50,20,7.0,23.0,30.0,0,20
6,Sunday,11:55,22,7.0,23.0,30.0,0,22
6,Sunday,12:00,15,7.0,23.0,30.0,0,15
6,Sunday,12:05,10,7.0,23.0,30.0,0,10
6,Sunday,12:10,5,7.0,23.0,30.0,0,5
6,Sunday,12:15,2,7.0,23.0,30.0,0,2
6,Sunday,12:20,2,7.0,23.0,30.0,1,1
6,Sunday,12:25,3,7.0,23.0,30.0,2,1
6,Sunday,12:30,6,7.0,23.0,30.0,0,6
6,Sunday,12:35,6,7.0,23.0,30.0,0,6
6,Sunday,12:40,6,7.0,23.0,30.0,0,6
6,Sunday,12:45,6,7.0,23.0,30.0,0,6
6,Sunday,12:50,7,7.0,23.0,30.0,0,7
6,Sunday,12:55,7,7.0,23.0,30.0,0,7
6,Sunday,13:00,7,7.0,23.0,30.0,0,7
6,Sunday,13:05,7,7.0,23.0,30.0,0,7
6,Sunday,13:10,7,7.0,23.0,30.0,0,7
6,Sunday,13:15,8,7.0,23.0,30.0,0,8
6,Sunday,13:20,8,7.0,23.0,30.0,0,8
6,Sunday,13:25,8,7.0,23.0,30.0,0,8
6,Sunday,13:30,14,7.0,23.0,30.0,5,9
6,Sunday,13:35,14,7.0,23.0,30.0,5,9
6,Sunday,13:40,15,7.0,23.0,30.0,6,9
6,Sunday,13:45,16,7.0,23.0,30.0,6,10
6,Sunday,13:50,16,7.0,23.0,30.0,6,10
6,Sunday,13:55,18,7.0,23.0,30.0,7,11
6,Sunday,14:00,14,20.0,32.0,52.0,5,9
6,Sunday,14:05,18,20.0,32.0,52.0,5,13
6,Sunday,14:10,24,20.0,32.0,52.0,5,19
6,Sunday,14:15,30,20.0,32.0,52.0,6,24
6,Sunday,14:20,32,20.0,32.0,52.0,6,26
6,Sunday,14:25,30,20.0,32.0,52.0,7,23
6,Sunday,14:30,32,20.0,32.0,52.0,12,20
6,Sunday,14:35,29,20.0,32.0,52.0,13,16
6,Sunday,14:40,27,20.0,32.0,52.0,13,14
6,Sunday,14:45,27,20.0,32.0,52.0,13,14
6,Sunday,14:50,28,20.0,32.0,52.0,14,14
6,Sunday,14:55,28,20.0,32.0,52.0,14,14
6,Sunday,15:00,27,20.0,32.0,52.0,12,15
6,Sunday,15:05,28,20.0,32.0,52.0,13,15
6,Sunday,15:10,29,20.0,32.0,52.0,13,16
6,Sunday,15:15,30,20.0,32.0,52.0,14,16
6,Sunday,15:20,31,20.0,32.0,52.0,14,17
6,Sunday,15:25,32,20.0,32.0,52.0,15,17
6,Sunday,15:30,28,20.0,32.0,52.0,11,17
6,Sunday,15:35,30,20.0,32.0,52.0,12,18
6,Sunday,15:40,30,20.0,32.0,52.0,12,18
6,Sunday,15:45,31,20.0,32.0,52.0,13,18
6,Sunday,15:50,32,20.0,32.0,52.0,13,19
6,Sunday,15:55,33,20.0,32.0,52.0,14,19
6,Sunday,16:00,41,20.0,32.0,52.0,14,27
6,Sunday,16:05,41,20.0,32.0,52.0,14,27
6,Sunday,16:10,42,20.0,32.0,52.0,14,28
6,Sunday,16:15,43,20.0,32.0,52.0,15,28
6,Sunday,16:20,44,20.0,32.0,52.0,15,29
6,Sunday,16:25,48,20.0,32.0,52.0,16,32
6,Sunday,16:30,46,20.0,32.0,52.0,19,27
6,Sunday,16:35,49,20.0,32.0,52.0,19,30
6,Sunday,16:40,50,20.0,32.0,52.0,20,30
6,Sunday,16:45,48,20.0,32.0,52.0,20,28
6,Sunday,16:50,44,20.0,32.0,52.0,20,24
6,Sunday,16:55,41,20.0,32.0,52.0,20,21
6,Sunday,17:00,44,22.0,24.0,46.0,20,24
6,Sunday,17:05,43,22.0,24.0,46.0,20,23
6,Sunday,17:10,43,22.0,24.0,46.0,20,23
6,Sunday,17:15,42,22.0,24.0,46.0,20,22
6,Sunday,17:20,42,22.0,24.0,46.0,20,22
6,Sunday,17:25,42,22.0,24.0,46.0,20,22
6,Sunday,17:30,40,22.0,24.0,46.0,22,18
6,Sunday,17:35,40,22.0,24.0,46.0,22,18
6,Sunday,17:40,39,22.0,24.0,46.0,22,17
6,Sunday,17:45,38,22.0,24.0,46.0,21,17
6,Sunday,17:50,37,22.0,24.0,46.0,21,16
6,Sunday,17:55,37,22.0,24.0,46.0,21,16
6,Sunday,18:00,31,22.0,24.0,46.0,18,13
6,Sunday,18:05,31,22.0,24.0,46.0,18,13
6,Sunday,18:10,29,22.0,24.0,46.0,17,12
6,Sunday,18:15,29,22.0,24.0,46.0,17,12
6,Sunday,18:20,27,22.0,24.0,46.0,16,11
6,Sunday,18:25,27,22.0,24.0,46.0,16,11
6,Sunday,18:30,22,22.0,24.0,46.0,15,7
6,Sunday,18:35,22,22.0,24.0,46.0,15,7
6,Sunday,18:40,20,22.0,24.0,46.0,14,6
6,Sunday,18:45,20,22.0,24.0,46.0,14,6
6,Sunday,18:50,19,22.0,24.0,46.0,13,6
6,Sunday,18:55,18,22.0,24.0,46.0,13,5
6,Sunday,19:00,20,22.0,24.0,46.0,12,8
6,Sunday,19:05,18,22.0,24.0,46.0,11,7
6,Sunday,19:10,18,22.0,24.0,46.0,11,7
6,Sunday,19:15,17,22.0,24.0,46.0,10,7
6,Sunday,19:20,16,22.0,24.0,46.0,10,6
6,Sunday,19:25,15,22.0,24.0,46.0,9,6
6,Sunday,19:30,19,22.0,24.0,46.0,11,8
6,Sunday,19:35,17,22.0,24.0,46.0,10,7
6,Sunday,19:40,17,22.0,24.0,46.0,10,7
6,Sunday,19:45,16,22.0,24.0,46.0,9,7
6,Sunday,19:50,16,22.0,24.0,46.0,9,7
6,Sunday,19:55,15,22.0,24.0,46.0,9,6
6,Sunday,20:00,9,25.0,11.0,36.0,8,1
6,Sunday,20:05,9,25.0,11.0,36.0,8,1
6,Sunday,20:10,8,25.0,11.0,36.0,7,1
6,Sunday,20:15,8,25.0,11.0,36.0,7,1
6,Sunday,20:20,8,25.0,11.0,36.0,7,1
6,Sunday,20:25,7,25.0,11.0,36.0,6,1
6,Sunday,20:30,15,25.0,11.0,36.0,4,11
6,Sunday,20:35,15,25.0,11.0,36.0,4,11
6,Sunday,20:40,15,25.0,11.0,36.0,4,11
6,Sunday,20:45,14,25.0,11.0,36.0,3,11
6,Sunday,20:50,14,25.0,11.0,36.0,3,11
6,Sunday,20:55,14,25.0,11.0,36.0,3,11
6,Sunday,21:00,7,25.0,11.0,36.0,4,3
6,Sunday,21:05,10,25.0,11.0,36.0,7,3
6,Sunday,21:10,15,25.0,11.0,36.0,12,3
6,Sunday,21:15,22,25.0,11.0,36.0,19,3
6,Sunday,21:20,28,25.0,11.0,36.0,25,3
6,Sunday,21:25,28,25.0,11.0,36.0,25,3
6,Sunday,21:30,29,25.0,11.0,36.0,18,11
6,Sunday,21:35,21,25.0,11.0,36.0,10,11
6,Sunday,21:40,15,25.0,11.0,36.0,4,11
6,Sunday,21:45,12,25.0,11.0,36.0,1,11
6,Sunday,21:50,11,25.0,11.0,36.0,0,11
6,Sunday,21:55,11,25.0,11.0,36.0,0,11
6,Sunday,22:00,5,25.0,11.0,36.0,2,3
6,Sunday,22:05,4,25.0,11.0,36.0,2,2
6,Sunday,22:10,3,25.0,11.0,36.0,1,2
6,Sunday,22:15,3,25.0,11.0,36.0,1,2
6,Sunday,22:20,3,25.0,11.0,36.0,1,2
6,Sunday,22:25,3,25.0,11.0,36.0,1,2
6,Sunday,22:30,3,25.0,11.0,36.0,1,2
6,Sunday,22:35,3,25.0,11.0,36.0,1,2
6,Sunday,22:40,3,25.0,11.0,36.0,1,2
6,Sunday,22:45,2,25.0,11.0,36.0,1,1
6,Sunday,22:50,2,25.0,11.0,36.0,1,1
6,Sunday,22:55,1,25.0,11.0,36.0,0,1
6,Sunday,23:00,1,4.0,1.0,5.0,0,1
6,Sunday,23:05,0,4.0,1.0,5.0,0,0
6,Sunday,23:10,0,4.0,1.0,5.0,0,0
6,Sunday,23:15,0,4.0,1.0,5.0,0,0
6,Sunday,23:20,0,4.0,1.0,5.0,0,0
6,Sunday,23:25,0,4.0,1.0,5.0,0,0
6,Sunday,23:30,0,4.0,1.0,5.0,0,0
6,Sunday,23:35,0,4.0,1.0,5.0,0,0
6,Sunday,23:40,0,4.0,1.0,5.0,0,0
6,Sunday,23:45,0,4.0,1.0,5.0,0,0
6,Sunday,23:50,0,4.0,1.0,5.0,0,0
6,Sunday,23:55,0,4.0,1.0,5.0,0,0
