day_idx,day_name,time,required_headcount
0,Monday,00:00,0
0,Monday,00:05,0
0,Monday,00:10,0
0,Monday,00:15,0
0,Monday,00:20,0
0,Monday,00:25,0
0,Monday,00:30,0
0,Monday,00:35,0
0,Monday,00:40,0
0,Monday,00:45,0
0,Monday,00:50,0
0,Monday,00:55,0
0,Monday,01:00,2
0,Monday,01:05,2
0,Monday,01:10,2
0,Monday,01:15,2
0,Monday,01:20,2
0,Monday,01:25,2
0,Monday,01:30,0
0,Monday,01:35,0
0,Monday,01:40,0
0,Monday,01:45,0
0,Monday,01:50,0
0,Monday,01:55,0
0,Monday,02:00,0
0,Monday,02:05,0
0,Monday,02:10,0
0,Monday,02:15,0
0,Monday,02:20,0
0,Monday,02:25,0
0,Monday,02:30,0
0,Monday,02:35,0
0,Monday,02:40,0
0,Monday,02:45,0
0,Monday,02:50,0
0,Monday,02:55,0
0,Monday,03:00,2
0,Monday,03:05,2
0,Monday,03:10,2
0,Monday,03:15,2
0,Monday,03:20,2
0,Monday,03:25,2
0,Monday,03:30,2
0,Monday,03:35,2
0,Monday,03:40,2
0,Monday,03:45,2
0,Monday,03:50,2
0,Monday,03:55,2
0,Monday,04:00,0
0,Monday,04:05,0
0,Monday,04:10,0
0,Monday,04:15,0
0,Monday,04:20,0
0,Monday,04:25,0
0,Monday,04:30,0
0,Monday,04:35,0
0,Monday,04:40,0
0,Monday,04:45,0
0,Monday,04:50,0
0,Monday,04:55,0
0,Monday,05:00,0
0,Monday,05:05,0
0,Monday,05:10,0
0,Monday,05:15,0
0,Monday,05:20,1
0,Monday,05:25,1
0,Monday,05:30,0
0,Monday,05:35,0
0,Monday,05:40,0
0,Monday,05:45,0
0,Monday,05:50,0
0,Monday,05:55,0
0,Monday,06:00,3
0,Monday,06:05,4
0,Monday,06:10,4
0,Monday,06:15,4
0,Monday,06:20,5
0,Monday,06:25,5
0,Monday,06:30,8
0,Monday,06:35,8
0,Monday,06:40,8
0,Monday,06:45,8
0,Monday,06:50,9
0,Monday,06:55,9
0,Monday,07:00,7
0,Monday,07:05,8
0,Monday,07:10,8
0,Monday,07:15,8
0,Monday,07:20,9
0,Monday,07:25,9
0,Monday,07:30,10
0,Monday,07:35,10
0,Monday,07:40,11
0,Monday,07:45,12
0,Monday,07:50,12
0,Monday,07:55,13
0,Monday,08:00,19
0,Monday,08:05,19
0,Monday,08:10,20
0,Monday,08:15,21
0,Monday,08:20,22
0,Monday,08:25,25
0,Monday,08:30,26
0,Monday,08:35,33
0,Monday,08:40,40
0,Monday,08:45,44
0,Monday,08:50,42
0,Monday,08:55,36
0,Monday,09:00,27
0,Monday,09:05,24
0,Monday,09:10,22
0,Monday,09:15,22
0,Monday,09:20,23
0,Monday,09:25,23
0,Monday,09:30,26
0,Monday,09:35,26
0,Monday,09:40,26
0,Monday,09:45,26
0,Monday,09:50,26
0,Monday,09:55,26
0,Monday,10:00,26
0,Monday,10:05,26
0,Monday,10:10,26
0,Monday,10:15,25
0,Monday,10:20,25
0,Monday,10:25,25
0,Monday,10:30,26
0,Monday,10:35,26
0,Monday,10:40,25
0,Monday,10:45,24
0,Monday,10:50,24
0,Monday,10:55,23
0,Monday,11:00,28
0,Monday,11:05,28
0,Monday,11:10,27
0,Monday,11:15,26
0,Monday,11:20,26
0,Monday,11:25,25
0,Monday,11:30,14
0,Monday,11:35,14
0,Monday,11:40,13
0,Monday,11:45,13
0,Monday,11:50,13
0,Monday,11:55,13
0,Monday,12:00,16
0,Monday,12:05,19
0,Monday,12:10,22
0,Monday,12:15,23
0,Monday,12:20,22
0,Monday,12:25,19
0,Monday,12:30,23
0,Monday,12:35,25
0,Monday,12:40,30
0,Monday,12:45,36
0,Monday,12:50,37
0,Monday,12:55,34
0,Monday,13:00,26
0,Monday,13:05,21
0,Monday,13:10,19
0,Monday,13:15,18
0,Monday,13:20,18
0,Monday,13:25,19
0,Monday,13:30,18
0,Monday,13:35,19
0,Monday,13:40,20
0,Monday,13:45,21
0,Monday,13:50,22
0,Monday,13:55,23
0,Monday,14:00,31
0,Monday,14:05,31
0,Monday,14:10,31
0,Monday,14:15,31
0,Monday,14:20,32
0,Monday,14:25,38
0,Monday,14:30,38
0,Monday,14:35,47
0,Monday,14:40,49
0,Monday,14:45,45
0,Monday,14:50,37
0,Monday,14:55,31
0,Monday,15:00,27
0,Monday,15:05,29
0,Monday,15:10,32
0,Monday,15:15,35
0,Monday,15:20,38
0,Monday,15:25,40
0,Monday,15:30,46
0,Monday,15:35,47
0,Monday,15:40,48
0,Monday,15:45,49
0,Monday,15:50,49
0,Monday,15:55,50
0,Monday,16:00,46
0,Monday,16:05,46
0,Monday,16:10,46
0,Monday,16:15,46
0,Monday,16:20,46
0,Monday,16:25,46
0,Monday,16:30,48
0,Monday,16:35,47
0,Monday,16:40,47
0,Monday,16:45,46
0,Monday,16:50,45
0,Monday,16:55,45
0,Monday,17:00,44
0,Monday,17:05,43
0,Monday,17:10,42
0,Monday,17:15,41
0,Monday,17:20,40
0,Monday,17:25,39
0,Monday,17:30,39
0,Monday,17:35,38
0,Monday,17:40,37
0,Monday,17:45,36
0,Monday,17:50,35
0,Monday,17:55,33
0,Monday,18:00,30
0,Monday,18:05,29
0,Monday,18:10,27
0,Monday,18:15,26
0,Monday,18:20,25
0,Monday,18:25,24
0,Monday,18:30,25
0,Monday,18:35,23
0,Monday,18:40,22
0,Monday,18:45,21
0,Monday,18:50,20
0,Monday,18:55,19
0,Monday,19:00,14
0,Monday,19:05,13
0,Monday,19:10,12
0,Monday,19:15,12
0,Monday,19:20,11
0,Monday,19:25,10
0,Monday,19:30,12
0,Monday,19:35,11
0,Monday,19:40,10
0,Monday,19:45,10
0,Monday,19:50,9
0,Monday,19:55,9
0,Monday,20:00,10
0,Monday,20:05,10
0,Monday,20:10,10
0,Monday,20:15,9
0,Monday,20:20,9
0,Monday,20:25,9
0,Monday,20:30,6
0,Monday,20:35,6
0,Monday,20:40,6
0,Monday,20:45,6
0,Monday,20:50,6
0,Monday,20:55,5
0,Monday,21:00,13
0,Monday,21:05,13
0,Monday,21:10,13
0,Monday,21:15,13
0,Monday,21:20,13
0,Monday,21:25,13
0,Monday,21:30,5
0,Monday,21:35,5
0,Monday,21:40,5
0,Monday,21:45,5
0,Monday,21:50,5
0,Monday,21:55,5
0,Monday,22:00,3
0,Monday,22:05,3
0,Monday,22:10,3
0,Monday,22:15,3
0,Monday,22:20,2
0,Monday,22:25,2
0,Monday,22:30,2
0,Monday,22:35,2
0,Monday,22:40,1
0,Monday,22:45,1
0,Monday,22:50,0
0,Monday,22:55,0
0,Monday,23:00,0
0,Monday,23:05,0
0,Monday,23:10,0
0,Monday,23:15,0
0,Monday,23:20,0
0,Monday,23:25,0
0,Monday,23:30,0
0,Monday,23:35,0
0,Monday,23:40,0
0,Monday,23:45,0
0,Monday,23:50,0
0,Monday,23:55,0
1,Tuesday,00:00,5
1,Tuesday,00:05,5
1,Tuesday,00:10,5
1,Tuesday,00:15,5
1,Tuesday,00:20,5
1,Tuesday,00:25,5
1,Tuesday,00:30,8
1,Tuesday,00:35,8
1,Tuesday,00:40,8
1,Tuesday,00:45,8
1,Tuesday,00:50,8
1,Tuesday,00:55,8
1,Tuesday,01:00,0
1,Tuesday,01:05,0
1,Tuesday,01:10,0
1,Tuesday,01:15,0
1,Tuesday,01:20,0
1,Tuesday,01:25,0
1,Tuesday,01:30,5
1,Tuesday,01:35,5
1,Tuesday,01:40,5
1,Tuesday,01:45,5
1,Tuesday,01:50,5
1,Tuesday,01:55,5
1,Tuesday,02:00,5
1,Tuesday,02:05,5
1,Tuesday,02:10,5
1,Tuesday,02:15,5
1,Tuesday,02:20,5
1,Tuesday,02:25,5
1,Tuesday,02:30,0
1,Tuesday,02:35,0
1,Tuesday,02:40,0
1,Tuesday,02:45,0
1,Tuesday,02:50,0
1,Tuesday,02:55,0
1,Tuesday,03:00,0
1,Tuesday,03:05,0
1,Tuesday,03:10,0
1,Tuesday,03:15,0
1,Tuesday,03:20,0
1,Tuesday,03:25,0
1,Tuesday,03:30,0
1,Tuesday,03:35,0
1,Tuesday,03:40,0
1,Tuesday,03:45,0
1,Tuesday,03:50,0
1,Tuesday,03:55,0
1,Tuesday,04:00,5
1,Tuesday,04:05,5
1,Tuesday,04:10,5
1,Tuesday,04:15,5
1,Tuesday,04:20,5
1,Tuesday,04:25,5
1,Tuesday,04:30,5
1,Tuesday,04:35,5
1,Tuesday,04:40,5
1,Tuesday,04:45,5
1,Tuesday,04:50,5
1,Tuesday,04:55,5
1,Tuesday,05:00,0
1,Tuesday,05:05,0
1,Tuesday,05:10,0
1,Tuesday,05:15,1
1,Tuesday,05:20,1
1,Tuesday,05:25,2
1,Tuesday,05:30,0
1,Tuesday,05:35,1
1,Tuesday,05:40,2
1,Tuesday,05:45,2
1,Tuesday,05:50,3
1,Tuesday,05:55,4
1,Tuesday,06:00,12
1,Tuesday,06:05,13
1,Tuesday,06:10,14
1,Tuesday,06:15,15
1,Tuesday,06:20,17
1,Tuesday,06:25,18
1,Tuesday,06:30,16
1,Tuesday,06:35,17
1,Tuesday,06:40,17
1,Tuesday,06:45,18
1,Tuesday,06:50,18
1,Tuesday,06:55,19
1,Tuesday,07:00,15
1,Tuesday,07:05,16
1,Tuesday,07:10,16
1,Tuesday,07:15,17
1,Tuesday,07:20,17
1,Tuesday,07:25,17
1,Tuesday,07:30,19
1,Tuesday,07:35,20
1,Tuesday,07:40,20
1,Tuesday,07:45,20
1,Tuesday,07:50,20
1,Tuesday,07:55,20
1,Tuesday,08:00,16
1,Tuesday,08:05,16
1,Tuesday,08:10,16
1,Tuesday,08:15,17
1,Tuesday,08:20,21
1,Tuesday,08:25,28
1,Tuesday,08:30,43
1,Tuesday,08:35,55
1,Tuesday,08:40,59
1,Tuesday,08:45,53
1,Tuesday,08:50,39
1,Tuesday,08:55,27
1,Tuesday,09:00,17
1,Tuesday,09:05,13
1,Tuesday,09:10,11
1,Tuesday,09:15,11
1,Tuesday,09:20,10
1,Tuesday,09:25,9
1,Tuesday,09:30,9
1,Tuesday,09:35,8
1,Tuesday,09:40,8
1,Tuesday,09:45,7
1,Tuesday,09:50,7
1,Tuesday,09:55,6
1,Tuesday,10:00,8
1,Tuesday,10:05,7
1,Tuesday,10:10,7
1,Tuesday,10:15,7
1,Tuesday,10:20,6
1,Tuesday,10:25,6
1,Tuesday,10:30,6
1,Tuesday,10:35,6
1,Tuesday,10:40,5
1,Tuesday,10:45,5
1,Tuesday,10:50,5
1,Tuesday,10:55,5
1,Tuesday,11:00,7
1,Tuesday,11:05,7
1,Tuesday,11:10,7
1,Tuesday,11:15,7
1,Tuesday,11:20,7
1,Tuesday,11:25,7
1,Tuesday,11:30,10
1,Tuesday,11:35,10
1,Tuesday,11:40,11
1,Tuesday,11:45,11
1,Tuesday,11:50,11
1,Tuesday,11:55,11
1,Tuesday,12:00,4
1,Tuesday,12:05,4
1,Tuesday,12:10,4
1,Tuesday,12:15,5
1,Tuesday,12:20,5
1,Tuesday,12:25,5
1,Tuesday,12:30,6
1,Tuesday,12:35,6
1,Tuesday,12:40,7
1,Tuesday,12:45,7
1,Tuesday,12:50,8
1,Tuesday,12:55,9
1,Tuesday,13:00,17
1,Tuesday,13:05,18
1,Tuesday,13:10,18
1,Tuesday,13:15,19
1,Tuesday,13:20,20
1,Tuesday,13:25,20
1,Tuesday,13:30,18
1,Tuesday,13:35,19
1,Tuesday,13:40,20
1,Tuesday,13:45,20
1,Tuesday,13:50,21
1,Tuesday,13:55,22
1,Tuesday,14:00,17
1,Tuesday,14:05,18
1,Tuesday,14:10,19
1,Tuesday,14:15,19
1,Tuesday,14:20,20
1,Tuesday,14:25,20
1,Tuesday,14:30,26
1,Tuesday,14:35,27
1,Tuesday,14:40,27
1,Tuesday,14:45,27
1,Tuesday,14:50,28
1,Tuesday,14:55,28
1,Tuesday,15:00,28
1,Tuesday,15:05,29
1,Tuesday,15:10,29
1,Tuesday,15:15,29
1,Tuesday,15:20,29
1,Tuesday,15:25,29
1,Tuesday,15:30,32
1,Tuesday,15:35,32
1,Tuesday,15:40,32
1,Tuesday,15:45,31
1,Tuesday,15:50,31
1,Tuesday,15:55,30
1,Tuesday,16:00,23
1,Tuesday,16:05,21
1,Tuesday,16:10,18
1,Tuesday,16:15,16
1,Tuesday,16:20,15
1,Tuesday,16:25,15
1,Tuesday,16:30,23
1,Tuesday,16:35,25
1,Tuesday,16:40,27
1,Tuesday,16:45,30
1,Tuesday,16:50,34
1,Tuesday,16:55,41
1,Tuesday,17:00,40
1,Tuesday,17:05,42
1,Tuesday,17:10,38
1,Tuesday,17:15,30
1,Tuesday,17:20,22
1,Tuesday,17:25,18
1,Tuesday,17:30,15
1,Tuesday,17:35,14
1,Tuesday,17:40,13
1,Tuesday,17:45,12
1,Tuesday,17:50,12
1,Tuesday,17:55,11
1,Tuesday,18:00,13
1,Tuesday,18:05,12
1,Tuesday,18:10,12
1,Tuesday,18:15,11
1,Tuesday,18:20,11
1,Tuesday,18:25,10
1,Tuesday,18:30,8
1,Tuesday,18:35,7
1,Tuesday,18:40,7
1,Tuesday,18:45,7
1,Tuesday,18:50,6
1,Tuesday,18:55,6
1,Tuesday,19:00,6
1,Tuesday,19:05,5
1,Tuesday,19:10,5
1,Tuesday,19:15,5
1,Tuesday,19:20,5
1,Tuesday,19:25,5
1,Tuesday,19:30,2
1,Tuesday,19:35,2
1,Tuesday,19:40,2
1,Tuesday,19:45,2
1,Tuesday,19:50,2
1,Tuesday,19:55,2
1,Tuesday,20:00,6
1,Tuesday,20:05,9
1,Tuesday,20:10,14
1,Tuesday,20:15,19
1,Tuesday,20:20,22
1,Tuesday,20:25,19
1,Tuesday,20:30,16
1,Tuesday,20:35,10
1,Tuesday,20:40,7
1,Tuesday,20:45,6
1,Tuesday,20:50,5
1,Tuesday,20:55,5
1,Tuesday,21:00,3
1,Tuesday,21:05,3
1,Tuesday,21:10,3
1,Tuesday,21:15,3
1,Tuesday,21:20,3
1,Tuesday,21:25,3
1,Tuesday,21:30,4
1,Tuesday,21:35,5
1,Tuesday,21:40,7
1,Tuesday,21:45,11
1,Tuesday,21:50,14
1,Tuesday,21:55,15
1,Tuesday,22:00,14
1,Tuesday,22:05,11
1,Tuesday,22:10,8
1,Tuesday,22:15,6
1,Tuesday,22:20,5
1,Tuesday,22:25,5
1,Tuesday,22:30,1
1,Tuesday,22:35,0
1,Tuesday,22:40,0
1,Tuesday,22:45,0
1,Tuesday,22:50,0
1,Tuesday,22:55,0
1,Tuesday,23:00,1
1,Tuesday,23:05,1
1,Tuesday,23:10,0
1,Tuesday,23:15,0
1,Tuesday,23:20,0
1,Tuesday,23:25,0
1,Tuesday,23:30,0
1,Tuesday,23:35,0
1,Tuesday,23:40,0
1,Tuesday,23:45,0
1,Tuesday,23:50,0
1,Tuesday,23:55,0
2,Wednesday,00:00,5
2,Wednesday,00:05,5
2,Wednesday,00:10,5
2,Wednesday,00:15,5
2,Wednesday,00:20,5
2,Wednesday,00:25,5
2,Wednesday,00:30,0
2,Wednesday,00:35,0
2,Wednesday,00:40,0
2,Wednesday,00:45,0
2,Wednesday,00:50,0
2,Wednesday,00:55,0
2,Wednesday,01:00,0
2,Wednesday,01:05,0
2,Wednesday,01:10,0
2,Wednesday,01:15,0
2,Wednesday,01:20,0
2,Wednesday,01:25,0
2,Wednesday,01:30,0
2,Wednesday,01:35,0
2,Wednesday,01:40,0
2,Wednesday,01:45,0
2,Wednesday,01:50,0
2,Wednesday,01:55,0
2,Wednesday,02:00,2
2,Wednesday,02:05,2
2,Wednesday,02:10,2
2,Wednesday,02:15,2
2,Wednesday,02:20,2
2,Wednesday,02:25,2
2,Wednesday,02:30,2
2,Wednesday,02:35,2
2,Wednesday,02:40,2
2,Wednesday,02:45,2
2,Wednesday,02:50,2
2,Wednesday,02:55,2
2,Wednesday,03:00,2
2,Wednesday,03:05,2
2,Wednesday,03:10,2
2,Wednesday,03:15,2
2,Wednesday,03:20,2
2,Wednesday,03:25,2
2,Wednesday,03:30,2
2,Wednesday,03:35,2
2,Wednesday,03:40,2
2,Wednesday,03:45,2
2,Wednesday,03:50,2
2,Wednesday,03:55,2
2,Wednesday,04:00,5
2,Wednesday,04:05,5
2,Wednesday,04:10,5
2,Wednesday,04:15,5
2,Wednesday,04:20,5
2,Wednesday,04:25,5
2,Wednesday,04:30,5
2,Wednesday,04:35,5
2,Wednesday,04:40,5
2,Wednesday,04:45,5
2,Wednesday,04:50,5
2,Wednesday,04:55,5
2,Wednesday,05:00,0
2,Wednesday,05:05,0
2,Wednesday,05:10,0
2,Wednesday,05:15,0
2,Wednesday,05:20,1
2,Wednesday,05:25,1
2,Wednesday,05:30,6
2,Wednesday,05:35,6
2,Wednesday,05:40,7
2,Wednesday,05:45,7
2,Wednesday,05:50,7
2,Wednesday,05:55,8
2,Wednesday,06:00,3
2,Wednesday,06:05,3
2,Wednesday,06:10,4
2,Wednesday,06:15,4
2,Wednesday,06:20,5
2,Wednesday,06:25,5
2,Wednesday,06:30,4
2,Wednesday,06:35,4
2,Wednesday,06:40,4
2,Wednesday,06:45,4
2,Wednesday,06:50,5
2,Wednesday,06:55,5
2,Wednesday,07:00,8
2,Wednesday,07:05,8
2,Wednesday,07:10,8
2,Wednesday,07:15,9
2,Wednesday,07:20,9
2,Wednesday,07:25,10
2,Wednesday,07:30,15
2,Wednesday,07:35,16
2,Wednesday,07:40,17
2,Wednesday,07:45,17
2,Wednesday,07:50,18
2,Wednesday,07:55,18
2,Wednesday,08:00,16
2,Wednesday,08:05,17
2,Wednesday,08:10,17
2,Wednesday,08:15,18
2,Wednesday,08:20,19
2,Wednesday,08:25,19
2,Wednesday,08:30,23
2,Wednesday,08:35,24
2,Wednesday,08:40,24
2,Wednesday,08:45,25
2,Wednesday,08:50,25
2,Wednesday,08:55,26
2,Wednesday,09:00,21
2,Wednesday,09:05,21
2,Wednesday,09:10,22
2,Wednesday,09:15,22
2,Wednesday,09:20,22
2,Wednesday,09:25,22
2,Wednesday,09:30,20
2,Wednesday,09:35,20
2,Wednesday,09:40,20
2,Wednesday,09:45,20
2,Wednesday,09:50,20
2,Wednesday,09:55,19
2,Wednesday,10:00,21
2,Wednesday,10:05,21
2,Wednesday,10:10,20
2,Wednesday,10:15,20
2,Wednesday,10:20,19
2,Wednesday,10:25,19
2,Wednesday,10:30,20
2,Wednesday,10:35,21
2,Wednesday,10:40,25
2,Wednesday,10:45,28
2,Wednesday,10:50,30
2,Wednesday,10:55,28
2,Wednesday,11:00,25
2,Wednesday,11:05,20
2,Wednesday,11:10,17
2,Wednesday,11:15,15
2,Wednesday,11:20,13
2,Wednesday,11:25,12
2,Wednesday,11:30,11
2,Wednesday,11:35,9
2,Wednesday,11:40,6
2,Wednesday,11:45,4
2,Wednesday,11:50,2
2,Wednesday,11:55,2
2,Wednesday,12:00,0
2,Wednesday,12:05,2
2,Wednesday,12:10,3
2,Wednesday,12:15,4
2,Wednesday,12:20,5
2,Wednesday,12:25,6
2,Wednesday,12:30,6
2,Wednesday,12:35,6
2,Wednesday,12:40,6
2,Wednesday,12:45,6
2,Wednesday,12:50,6
2,Wednesday,12:55,6
2,Wednesday,13:00,7
2,Wednesday,13:05,8
2,Wednesday,13:10,8
2,Wednesday,13:15,8
2,Wednesday,13:20,9
2,Wednesday,13:25,12
2,Wednesday,13:30,14
2,Wednesday,13:35,18
2,Wednesday,13:40,19
2,Wednesday,13:45,17
2,Wednesday,13:50,14
2,Wednesday,13:55,10
2,Wednesday,14:00,9
2,Wednesday,14:05,8
2,Wednesday,14:10,8
2,Wednesday,14:15,8
2,Wednesday,14:20,9
2,Wednesday,14:25,9
2,Wednesday,14:30,10
2,Wednesday,14:35,10
2,Wednesday,14:40,11
2,Wednesday,14:45,12
2,Wednesday,14:50,12
2,Wednesday,14:55,13
2,Wednesday,15:00,19
2,Wednesday,15:05,19
2,Wednesday,15:10,20
2,Wednesday,15:15,21
2,Wednesday,15:20,22
2,Wednesday,15:25,25
2,Wednesday,15:30,28
2,Wednesday,15:35,36
2,Wednesday,15:40,44
2,Wednesday,15:45,48
2,Wednesday,15:50,45
2,Wednesday,15:55,38
2,Wednesday,16:00,27
2,Wednesday,16:05,24
2,Wednesday,16:10,23
2,Wednesday,16:15,24
2,Wednesday,16:20,24
2,Wednesday,16:25,25
2,Wednesday,16:30,31
2,Wednesday,16:35,32
2,Wednesday,16:40,32
2,Wednesday,16:45,33
2,Wednesday,16:50,34
2,Wednesday,16:55,34
2,Wednesday,17:00,38
2,Wednesday,17:05,38
2,Wednesday,17:10,39
2,Wednesday,17:15,39
2,Wednesday,17:20,39
2,Wednesday,17:25,40
2,Wednesday,17:30,37
2,Wednesday,17:35,37
2,Wednesday,17:40,37
2,Wednesday,17:45,37
2,Wednesday,17:50,36
2,Wednesday,17:55,36
2,Wednesday,18:00,34
2,Wednesday,18:05,34
2,Wednesday,18:10,33
2,Wednesday,18:15,33
2,Wednesday,18:20,32
2,Wednesday,18:25,32
2,Wednesday,18:30,31
2,Wednesday,18:35,30
2,Wednesday,18:40,30
2,Wednesday,18:45,29
2,Wednesday,18:50,29
2,Wednesday,18:55,31
2,Wednesday,19:00,34
2,Wednesday,19:05,38
2,Wednesday,19:10,41
2,Wednesday,19:15,39
2,Wednesday,19:20,34
2,Wednesday,19:25,28
2,Wednesday,19:30,25
2,Wednesday,19:35,23
2,Wednesday,19:40,21
2,Wednesday,19:45,20
2,Wednesday,19:50,19
2,Wednesday,19:55,19
2,Wednesday,20:00,21
2,Wednesday,20:05,20
2,Wednesday,20:10,19
2,Wednesday,20:15,18
2,Wednesday,20:20,18
2,Wednesday,20:25,17
2,Wednesday,20:30,11
2,Wednesday,20:35,11
2,Wednesday,20:40,10
2,Wednesday,20:45,10
2,Wednesday,20:50,9
2,Wednesday,20:55,9
2,Wednesday,21:00,6
2,Wednesday,21:05,6
2,Wednesday,21:10,6
2,Wednesday,21:15,5
2,Wednesday,21:20,5
2,Wednesday,21:25,5
2,Wednesday,21:30,14
2,Wednesday,21:35,14
2,Wednesday,21:40,14
2,Wednesday,21:45,14
2,Wednesday,21:50,13
2,Wednesday,21:55,13
2,Wednesday,22:00,5
2,Wednesday,22:05,5
2,Wednesday,22:10,5
2,Wednesday,22:15,5
2,Wednesday,22:20,5
2,Wednesday,22:25,4
2,Wednesday,22:30,9
2,Wednesday,22:35,8
2,Wednesday,22:40,8
2,Wednesday,22:45,8
2,Wednesday,22:50,7
2,Wednesday,22:55,7
2,Wednesday,23:00,0
2,Wednesday,23:05,0
2,Wednesday,23:10,0
2,Wednesday,23:15,0
2,Wednesday,23:20,0
2,Wednesday,23:25,0
2,Wednesday,23:30,5
2,Wednesday,23:35,5
2,Wednesday,23:40,5
2,Wednesday,23:45,5
2,Wednesday,23:50,5
2,Wednesday,23:55,5
3,Thursday,00:00,0
3,Thursday,00:05,0
3,Thursday,00:10,0
3,Thursday,00:15,0
3,Thursday,00:20,0
3,Thursday,00:25,0
3,Thursday,00:30,0
3,Thursday,00:35,0
3,Thursday,00:40,0
3,Thursday,00:45,0
3,Thursday,00:50,0
3,Thursday,00:55,0
3,Thursday,01:00,2
3,Thursday,01:05,2
3,Thursday,01:10,2
3,Thursday,01:15,2
3,Thursday,01:20,2
3,Thursday,01:25,2
3,Thursday,01:30,0
3,Thursday,01:35,0
3,Thursday,01:40,0
3,Thursday,01:45,0
3,Thursday,01:50,0
3,Thursday,01:55,0
3,Thursday,02:00,0
3,Thursday,02:05,0
3,Thursday,02:10,0
3,Thursday,02:15,0
3,Thursday,02:20,0
3,Thursday,02:25,0
3,Thursday,02:30,2
3,Thursday,02:35,2
3,Thursday,02:40,2
3,Thursday,02:45,2
3,Thursday,02:50,2
3,Thursday,02:55,2
3,Thursday,03:00,5
3,Thursday,03:05,5
3,Thursday,03:10,5
3,Thursday,03:15,5
3,Thursday,03:20,5
3,Thursday,03:25,5
3,Thursday,03:30,2
3,Thursday,03:35,2
3,Thursday,03:40,2
3,Thursday,03:45,2
3,Thursday,03:50,2
3,Thursday,03:55,2
3,Thursday,04:00,5
3,Thursday,04:05,5
3,Thursday,04:10,5
3,Thursday,04:15,5
3,Thursday,04:20,5
3,Thursday,04:25,5
3,Thursday,04:30,8
3,Thursday,04:35,8
3,Thursday,04:40,8
3,Thursday,04:45,8
3,Thursday,04:50,8
3,Thursday,04:55,8
3,Thursday,05:00,0
3,Thursday,05:05,0
3,Thursday,05:10,0
3,Thursday,05:15,0
3,Thursday,05:20,0
3,Thursday,05:25,0
3,Thursday,05:30,0
3,Thursday,05:35,0
3,Thursday,05:40,0
3,Thursday,05:45,0
3,Thursday,05:50,0
3,Thursday,05:55,0
3,Thursday,06:00,7
3,Thursday,06:05,8
3,Thursday,06:10,8
3,Thursday,06:15,9
3,Thursday,06:20,9
3,Thursday,06:25,10
3,Thursday,06:30,5
3,Thursday,06:35,6
3,Thursday,06:40,6
3,Thursday,06:45,6
3,Thursday,06:50,7
3,Thursday,06:55,7
3,Thursday,07:00,8
3,Thursday,07:05,8
3,Thursday,07:10,9
3,Thursday,07:15,10
3,Thursday,07:20,10
3,Thursday,07:25,11
3,Thursday,07:30,10
3,Thursday,07:35,11
3,Thursday,07:40,11
3,Thursday,07:45,12
3,Thursday,07:50,13
3,Thursday,07:55,14
3,Thursday,08:00,15
3,Thursday,08:05,16
3,Thursday,08:10,16
3,Thursday,08:15,17
3,Thursday,08:20,18
3,Thursday,08:25,19
3,Thursday,08:30,19
3,Thursday,08:35,19
3,Thursday,08:40,20
3,Thursday,08:45,21
3,Thursday,08:50,21
3,Thursday,08:55,22
3,Thursday,09:00,25
3,Thursday,09:05,25
3,Thursday,09:10,26
3,Thursday,09:15,26
3,Thursday,09:20,26
3,Thursday,09:25,26
3,Thursday,09:30,28
3,Thursday,09:35,28
3,Thursday,09:40,28
3,Thursday,09:45,27
3,Thursday,09:50,27
3,Thursday,09:55,27
3,Thursday,10:00,24
3,Thursday,10:05,24
3,Thursday,10:10,23
3,Thursday,10:15,22
3,Thursday,10:20,22
3,Thursday,10:25,21
3,Thursday,10:30,22
3,Thursday,10:35,21
3,Thursday,10:40,21
3,Thursday,10:45,21
3,Thursday,10:50,22
3,Thursday,10:55,26
3,Thursday,11:00,26
3,Thursday,11:05,29
3,Thursday,11:10,27
3,Thursday,11:15,22
3,Thursday,11:20,17
3,Thursday,11:25,12
3,Thursday,11:30,14
3,Thursday,11:35,13
3,Thursday,11:40,12
3,Thursday,11:45,12
3,Thursday,11:50,11
3,Thursday,11:55,11
3,Thursday,12:00,7
3,Thursday,12:05,7
3,Thursday,12:10,7
3,Thursday,12:15,6
3,Thursday,12:20,6
3,Thursday,12:25,6
3,Thursday,12:30,10
3,Thursday,12:35,11
3,Thursday,12:40,11
3,Thursday,12:45,11
3,Thursday,12:50,11
3,Thursday,12:55,12
3,Thursday,13:00,12
3,Thursday,13:05,12
3,Thursday,13:10,13
3,Thursday,13:15,13
3,Thursday,13:20,14
3,Thursday,13:25,14
3,Thursday,13:30,18
3,Thursday,13:35,19
3,Thursday,13:40,19
3,Thursday,13:45,20
3,Thursday,13:50,21
3,Thursday,13:55,21
3,Thursday,14:00,17
3,Thursday,14:05,18
3,Thursday,14:10,18
3,Thursday,14:15,19
3,Thursday,14:20,19
3,Thursday,14:25,19
3,Thursday,14:30,20
3,Thursday,14:35,20
3,Thursday,14:40,19
3,Thursday,14:45,19
3,Thursday,14:50,20
3,Thursday,14:55,22
3,Thursday,15:00,23
3,Thursday,15:05,25
3,Thursday,15:10,27
3,Thursday,15:15,28
3,Thursday,15:20,29
3,Thursday,15:25,29
3,Thursday,15:30,27
3,Thursday,15:35,28
3,Thursday,15:40,28
3,Thursday,15:45,28
3,Thursday,15:50,28
3,Thursday,15:55,28
3,Thursday,16:00,30
3,Thursday,16:05,30
3,Thursday,16:10,32
3,Thursday,16:15,35
3,Thursday,16:20,40
3,Thursday,16:25,44
3,Thursday,16:30,41
3,Thursday,16:35,35
3,Thursday,16:40,28
3,Thursday,16:45,22
3,Thursday,16:50,19
3,Thursday,16:55,19
3,Thursday,17:00,17
3,Thursday,17:05,17
3,Thursday,17:10,18
3,Thursday,17:15,17
3,Thursday,17:20,17
3,Thursday,17:25,16
3,Thursday,17:30,20
3,Thursday,17:35,20
3,Thursday,17:40,19
3,Thursday,17:45,19
3,Thursday,17:50,19
3,Thursday,17:55,22
3,Thursday,18:00,25
3,Thursday,18:05,32
3,Thursday,18:10,37
3,Thursday,18:15,35
3,Thursday,18:20,28
3,Thursday,18:25,20
3,Thursday,18:30,16
3,Thursday,18:35,13
3,Thursday,18:40,11
3,Thursday,18:45,10
3,Thursday,18:50,10
3,Thursday,18:55,9
3,Thursday,19:00,5
3,Thursday,19:05,5
3,Thursday,19:10,4
3,Thursday,19:15,4
3,Thursday,19:20,4
3,Thursday,19:25,3
3,Thursday,19:30,5
3,Thursday,19:35,5
3,Thursday,19:40,5
3,Thursday,19:45,4
3,Thursday,19:50,4
3,Thursday,19:55,4
3,Thursday,20:00,6
3,Thursday,20:05,6
3,Thursday,20:10,5
3,Thursday,20:15,5
3,Thursday,20:20,5
3,Thursday,20:25,5
3,Thursday,20:30,3
3,Thursday,20:35,3
3,Thursday,20:40,3
3,Thursday,20:45,3
3,Thursday,20:50,3
3,Thursday,20:55,3
3,Thursday,21:00,3
3,Thursday,21:05,3
3,Thursday,21:10,3
3,Thursday,21:15,3
3,Thursday,21:20,3
3,Thursday,21:25,2
3,Thursday,21:30,2
3,Thursday,21:35,2
3,Thursday,21:40,2
3,Thursday,21:45,2
3,Thursday,21:50,2
3,Thursday,21:55,2
3,Thursday,22:00,4
3,Thursday,22:05,4
3,Thursday,22:10,4
3,Thursday,22:15,4
3,Thursday,22:20,4
3,Thursday,22:25,4
3,Thursday,22:30,0
3,Thursday,22:35,0
3,Thursday,22:40,0
3,Thursday,22:45,0
3,Thursday,22:50,0
3,Thursday,22:55,0
3,Thursday,23:00,6
3,Thursday,23:05,5
3,Thursday,23:10,5
3,Thursday,23:15,5
3,Thursday,23:20,5
3,Thursday,23:25,5
3,Thursday,23:30,0
3,Thursday,23:35,0
3,Thursday,23:40,0
3,Thursday,23:45,0
3,Thursday,23:50,0
3,Thursday,23:55,0
4,Friday,00:00,0
4,Friday,00:05,0
4,Friday,00:10,0
4,Friday,00:15,0
4,Friday,00:20,0
4,Friday,00:25,0
4,Friday,00:30,2
4,Friday,00:35,2
4,Friday,00:40,2
4,Friday,00:45,2
4,Friday,00:50,2
4,Friday,00:55,2
4,Friday,01:00,0
4,Friday,01:05,0
4,Friday,01:10,0
4,Friday,01:15,0
4,Friday,01:20,0
4,Friday,01:25,0
4,Friday,01:30,2
4,Friday,01:35,2
4,Friday,01:40,2
4,Friday,01:45,2
4,Friday,01:50,2
4,Friday,01:55,2
4,Friday,02:00,5
4,Friday,02:05,5
4,Friday,02:10,5
4,Friday,02:15,5
4,Friday,02:20,5
4,Friday,02:25,5
4,Friday,02:30,2
4,Friday,02:35,2
4,Friday,02:40,2
4,Friday,02:45,2
4,Friday,02:50,2
4,Friday,02:55,2
4,Friday,03:00,8
4,Friday,03:05,8
4,Friday,03:10,8
4,Friday,03:15,8
4,Friday,03:20,8
4,Friday,03:25,8
4,Friday,03:30,0
4,Friday,03:35,0
4,Friday,03:40,0
4,Friday,03:45,0
4,Friday,03:50,0
4,Friday,03:55,0
4,Friday,04:00,0
4,Friday,04:05,0
4,Friday,04:10,0
4,Friday,04:15,0
4,Friday,04:20,0
4,Friday,04:25,0
4,Friday,04:30,5
4,Friday,04:35,5
4,Friday,04:40,5
4,Friday,04:45,5
4,Friday,04:50,5
4,Friday,04:55,5
4,Friday,05:00,0
4,Friday,05:05,0
4,Friday,05:10,0
4,Friday,05:15,0
4,Friday,05:20,0
4,Friday,05:25,0
4,Friday,05:30,1
4,Friday,05:35,1
4,Friday,05:40,2
4,Friday,05:45,3
4,Friday,05:50,4
4,Friday,05:55,7
4,Friday,06:00,12
4,Friday,06:05,18
4,Friday,06:10,21
4,Friday,06:15,21
4,Friday,06:20,20
4,Friday,06:25,20
4,Friday,06:30,24
4,Friday,06:35,25
4,Friday,06:40,24
4,Friday,06:45,21
4,Friday,06:50,18
4,Friday,06:55,17
4,Friday,07:00,16
4,Friday,07:05,17
4,Friday,07:10,18
4,Friday,07:15,19
4,Friday,07:20,20
4,Friday,07:25,21
4,Friday,07:30,21
4,Friday,07:35,22
4,Friday,07:40,23
4,Friday,07:45,24
4,Friday,07:50,25
4,Friday,07:55,25
4,Friday,08:00,21
4,Friday,08:05,22
4,Friday,08:10,22
4,Friday,08:15,23
4,Friday,08:20,23
4,Friday,08:25,24
4,Friday,08:30,29
4,Friday,08:35,29
4,Friday,08:40,29
4,Friday,08:45,28
4,Friday,08:50,28
4,Friday,08:55,26
4,Friday,09:00,23
4,Friday,09:05,20
4,Friday,09:10,16
4,Friday,09:15,13
4,Friday,09:20,12
4,Friday,09:25,13
4,Friday,09:30,10
4,Friday,09:35,12
4,Friday,09:40,14
4,Friday,09:45,16
4,Friday,09:50,16
4,Friday,09:55,16
4,Friday,10:00,20
4,Friday,10:05,19
4,Friday,10:10,18
4,Friday,10:15,18
4,Friday,10:20,17
4,Friday,10:25,16
4,Friday,10:30,15
4,Friday,10:35,14
4,Friday,10:40,13
4,Friday,10:45,13
4,Friday,10:50,12
4,Friday,10:55,11
4,Friday,11:00,7
4,Friday,11:05,6
4,Friday,11:10,5
4,Friday,11:15,5
4,Friday,11:20,4
4,Friday,11:25,4
4,Friday,11:30,3
4,Friday,11:35,3
4,Friday,11:40,3
4,Friday,11:45,2
4,Friday,11:50,2
4,Friday,11:55,2
4,Friday,12:00,4
4,Friday,12:05,4
4,Friday,12:10,4
4,Friday,12:15,3
4,Friday,12:20,3
4,Friday,12:25,3
4,Friday,12:30,3
4,Friday,12:35,3
4,Friday,12:40,3
4,Friday,12:45,2
4,Friday,12:50,1
4,Friday,12:55,0
4,Friday,13:00,0
4,Friday,13:05,0
4,Friday,13:10,0
4,Friday,13:15,0
4,Friday,13:20,0
4,Friday,13:25,0
4,Friday,13:30,7
4,Friday,13:35,8
4,Friday,13:40,10
4,Friday,13:45,10
4,Friday,13:50,11
4,Friday,13:55,12
4,Friday,14:00,9
4,Friday,14:05,14
4,Friday,14:10,20
4,Friday,14:15,26
4,Friday,14:20,28
4,Friday,14:25,25
4,Friday,14:30,20
4,Friday,14:35,15
4,Friday,14:40,12
4,Friday,14:45,11
4,Friday,14:50,12
4,Friday,14:55,12
4,Friday,15:00,13
4,Friday,15:05,13
4,Friday,15:10,14
4,Friday,15:15,14
4,Friday,15:20,15
4,Friday,15:25,16
4,Friday,15:30,16
4,Friday,15:35,17
4,Friday,15:40,17
4,Friday,15:45,18
4,Friday,15:50,19
4,Friday,15:55,19
4,Friday,16:00,22
4,Friday,16:05,22
4,Friday,16:10,22
4,Friday,16:15,23
4,Friday,16:20,23
4,Friday,16:25,23
4,Friday,16:30,22
4,Friday,16:35,22
4,Friday,16:40,22
4,Friday,16:45,22
4,Friday,16:50,22
4,Friday,16:55,23
4,Friday,17:00,20
4,Friday,17:05,19
4,Friday,17:10,19
4,Friday,17:15,19
4,Friday,17:20,19
4,Friday,17:25,19
4,Friday,17:30,22
4,Friday,17:35,21
4,Friday,17:40,21
4,Friday,17:45,21
4,Friday,17:50,20
4,Friday,17:55,20
4,Friday,18:00,19
4,Friday,18:05,19
4,Friday,18:10,18
4,Friday,18:15,18
4,Friday,18:20,17
4,Friday,18:25,16
4,Friday,18:30,13
4,Friday,18:35,12
4,Friday,18:40,12
4,Friday,18:45,11
4,Friday,18:50,10
4,Friday,18:55,10
4,Friday,19:00,12
4,Friday,19:05,12
4,Friday,19:10,11
4,Friday,19:15,11
4,Friday,19:20,10
4,Friday,19:25,10
4,Friday,19:30,10
4,Friday,19:35,13
4,Friday,19:40,16
4,Friday,19:45,21
4,Friday,19:50,23
4,Friday,19:55,21
4,Friday,20:00,21
4,Friday,20:05,16
4,Friday,20:10,12
4,Friday,20:15,11
4,Friday,20:20,10
4,Friday,20:25,10
4,Friday,20:30,4
4,Friday,20:35,4
4,Friday,20:40,5
4,Friday,20:45,6
4,Friday,20:50,9
4,Friday,20:55,14
4,Friday,21:00,18
4,Friday,21:05,20
4,Friday,21:10,17
4,Friday,21:15,11
4,Friday,21:20,6
4,Friday,21:25,3
4,Friday,21:30,3
4,Friday,21:35,3
4,Friday,21:40,2
4,Friday,21:45,2
4,Friday,21:50,2
4,Friday,21:55,2
4,Friday,22:00,2
4,Friday,22:05,2
4,Friday,22:10,2
4,Friday,22:15,2
4,Friday,22:20,2
4,Friday,22:25,2
4,Friday,22:30,2
4,Friday,22:35,2
4,Friday,22:40,1
4,Friday,22:45,1
4,Friday,22:50,1
4,Friday,22:55,1
4,Friday,23:00,1
4,Friday,23:05,0
4,Friday,23:10,0
4,Friday,23:15,0
4,Friday,23:20,0
4,Friday,23:25,0
4,Friday,23:30,5
4,Friday,23:35,5
4,Friday,23:40,5
4,Friday,23:45,5
4,Friday,23:50,5
4,Friday,23:55,5
5,Saturday,00:00,2
5,Saturday,00:05,2
5,Saturday,00:10,2
5,Saturday,00:15,2
5,Saturday,00:20,2
5,Saturday,00:25,2
5,Saturday,00:30,0
5,Saturday,00:35,0
5,Saturday,00:40,0
5,Saturday,00:45,0
5,Saturday,00:50,0
5,Saturday,00:55,0
5,Saturday,01:00,8
5,Saturday,01:05,8
5,Saturday,01:10,8
5,Saturday,01:15,8
5,Saturday,01:20,8
5,Saturday,01:25,8
5,Saturday,01:30,0
5,Saturday,01:35,0
5,Saturday,01:40,0
5,Saturday,01:45,0
5,Saturday,01:50,0
5,Saturday,01:55,0
5,Saturday,02:00,2
5,Saturday,02:05,2
5,Saturday,02:10,2
5,Saturday,02:15,2
5,Saturday,02:20,2
5,Saturday,02:25,2
5,Saturday,02:30,5
5,Saturday,02:35,5
5,Saturday,02:40,5
5,Saturday,02:45,5
5,Saturday,02:50,5
5,Saturday,02:55,5
5,Saturday,03:00,0
5,Saturday,03:05,0
5,Saturday,03:10,0
5,Saturday,03:15,0
5,Saturday,03:20,0
5,Saturday,03:25,0
5,Saturday,03:30,0
5,Saturday,03:35,0
5,Saturday,03:40,0
5,Saturday,03:45,0
5,Saturday,03:50,0
5,Saturday,03:55,0
5,Saturday,04:00,0
5,Saturday,04:05,0
5,Saturday,04:10,0
5,Saturday,04:15,0
5,Saturday,04:20,0
5,Saturday,04:25,0
5,Saturday,04:30,0
5,Saturday,04:35,0
5,Saturday,04:40,0
5,Saturday,04:45,0
5,Saturday,04:50,0
5,Saturday,04:55,0
5,Saturday,05:00,2
5,Saturday,05:05,2
5,Saturday,05:10,2
5,Saturday,05:15,2
5,Saturday,05:20,2
5,Saturday,05:25,2
5,Saturday,05:30,2
5,Saturday,05:35,3
5,Saturday,05:40,3
5,Saturday,05:45,3
5,Saturday,05:50,3
5,Saturday,05:55,3
5,Saturday,06:00,6
5,Saturday,06:05,7
5,Saturday,06:10,7
5,Saturday,06:15,7
5,Saturday,06:20,7
5,Saturday,06:25,7
5,Saturday,06:30,0
5,Saturday,06:35,0
5,Saturday,06:40,0
5,Saturday,06:45,0
5,Saturday,06:50,0
5,Saturday,06:55,0
5,Saturday,07:00,9
5,Saturday,07:05,9
5,Saturday,07:10,9
5,Saturday,07:15,9
5,Saturday,07:20,10
5,Saturday,07:25,10
5,Saturday,07:30,5
5,Saturday,07:35,6
5,Saturday,07:40,6
5,Saturday,07:45,7
5,Saturday,07:50,8
5,Saturday,07:55,11
5,Saturday,08:00,22
5,Saturday,08:05,26
5,Saturday,08:10,27
5,Saturday,08:15,25
5,Saturday,08:20,23
5,Saturday,08:25,20
5,Saturday,08:30,11
5,Saturday,08:35,11
5,Saturday,08:40,11
5,Saturday,08:45,12
5,Saturday,08:50,12
5,Saturday,08:55,13
5,Saturday,09:00,15
5,Saturday,09:05,16
5,Saturday,09:10,16
5,Saturday,09:15,16
5,Saturday,09:20,17
5,Saturday,09:25,17
5,Saturday,09:30,17
5,Saturday,09:35,17
5,Saturday,09:40,16
5,Saturday,09:45,15
5,Saturday,09:50,14
5,Saturday,09:55,11
5,Saturday,10:00,4
5,Saturday,10:05,2
5,Saturday,10:10,1
5,Saturday,10:15,1
5,Saturday,10:20,3
5,Saturday,10:25,6
5,Saturday,10:30,12
5,Saturday,10:35,14
5,Saturday,10:40,14
5,Saturday,10:45,15
5,Saturday,10:50,15
5,Saturday,10:55,14
5,Saturday,11:00,14
5,Saturday,11:05,13
5,Saturday,11:10,13
5,Saturday,11:15,12
5,Saturday,11:20,12
5,Saturday,11:25,11
5,Saturday,11:30,11
5,Saturday,11:35,10
5,Saturday,11:40,10
5,Saturday,11:45,10
5,Saturday,11:50,9
5,Saturday,11:55,9
5,Saturday,12:00,8
5,Saturday,12:05,8
5,Saturday,12:10,8
5,Saturday,12:15,7
5,Saturday,12:20,7
5,Saturday,12:25,7
5,Saturday,12:30,6
5,Saturday,12:35,6
5,Saturday,12:40,6
5,Saturday,12:45,6
5,Saturday,12:50,6
5,Saturday,12:55,5
5,Saturday,13:00,3
5,Saturday,13:05,3
5,Saturday,13:10,3
5,Saturday,13:15,3
5,Saturday,13:20,3
5,Saturday,13:25,3
5,Saturday,13:30,4
5,Saturday,13:35,6
5,Saturday,13:40,9
5,Saturday,13:45,12
5,Saturday,13:50,14
5,Saturday,13:55,14
5,Saturday,14:00,13
5,Saturday,14:05,9
5,Saturday,14:10,7
5,Saturday,14:15,6
5,Saturday,14:20,6
5,Saturday,14:25,6
5,Saturday,14:30,6
5,Saturday,14:35,7
5,Saturday,14:40,7
5,Saturday,14:45,7
5,Saturday,14:50,8
5,Saturday,14:55,9
5,Saturday,15:00,9
5,Saturday,15:05,14
5,Saturday,15:10,22
5,Saturday,15:15,29
5,Saturday,15:20,32
5,Saturday,15:25,28
5,Saturday,15:30,21
5,Saturday,15:35,14
5,Saturday,15:40,11
5,Saturday,15:45,10
5,Saturday,15:50,10
5,Saturday,15:55,10
5,Saturday,16:00,11
5,Saturday,16:05,11
5,Saturday,16:10,12
5,Saturday,16:15,12
5,Saturday,16:20,13
5,Saturday,16:25,13
5,Saturday,16:30,22
5,Saturday,16:35,22
5,Saturday,16:40,23
5,Saturday,16:45,23
5,Saturday,16:50,24
5,Saturday,16:55,24
5,Saturday,17:00,16
5,Saturday,17:05,17
5,Saturday,17:10,17
5,Saturday,17:15,17
5,Saturday,17:20,18
5,Saturday,17:25,18
5,Saturday,17:30,23
5,Saturday,17:35,23
5,Saturday,17:40,23
5,Saturday,17:45,24
5,Saturday,17:50,24
5,Saturday,17:55,24
5,Saturday,18:00,21
5,Saturday,18:05,21
5,Saturday,18:10,20
5,Saturday,18:15,20
5,Saturday,18:20,20
5,Saturday,18:25,20
5,Saturday,18:30,23
5,Saturday,18:35,22
5,Saturday,18:40,22
5,Saturday,18:45,22
5,Saturday,18:50,21
5,Saturday,18:55,21
5,Saturday,19:00,21
5,Saturday,19:05,20
5,Saturday,19:10,20
5,Saturday,19:15,19
5,Saturday,19:20,19
5,Saturday,19:25,18
5,Saturday,19:30,13
5,Saturday,19:35,12
5,Saturday,19:40,12
5,Saturday,19:45,11
5,Saturday,19:50,11
5,Saturday,19:55,10
5,Saturday,20:00,10
5,Saturday,20:05,10
5,Saturday,20:10,9
5,Saturday,20:15,9
5,Saturday,20:20,8
5,Saturday,20:25,8
5,Saturday,20:30,7
5,Saturday,20:35,7
5,Saturday,20:40,7
5,Saturday,20:45,6
5,Saturday,20:50,6
5,Saturday,20:55,6
5,Saturday,21:00,2
5,Saturday,21:05,2
5,Saturday,21:10,2
5,Saturday,21:15,2
5,Saturday,21:20,1
5,Saturday,21:25,1
5,Saturday,21:30,4
5,Saturday,21:35,4
5,Saturday,21:40,4
5,Saturday,21:45,3
5,Saturday,21:50,3
5,Saturday,21:55,3
5,Saturday,22:00,0
5,Saturday,22:05,0
5,Saturday,22:10,0
5,Saturday,22:15,0
5,Saturday,22:20,0
5,Saturday,22:25,0
5,Saturday,22:30,0
5,Saturday,22:35,0
5,Saturday,22:40,0
5,Saturday,22:45,0
5,Saturday,22:50,0
5,Saturday,22:55,0
5,Saturday,23:00,0
5,Saturday,23:05,0
5,Saturday,23:10,0
5,Saturday,23:15,0
5,Saturday,23:20,0
5,Saturday,23:25,0
5,Saturday,23:30,0
5,Saturday,23:35,0
5,Saturday,23:40,0
5,Saturday,23:45,0
5,Saturday,23:50,0
5,Saturday,23:55,0
6,Sunday,00:00,0
6,Sunday,00:05,0
6,Sunday,00:10,0
6,Sunday,00:15,0
6,Sunday,00:20,0
6,Sunday,00:25,0
6,Sunday,00:30,0
6,Sunday,00:35,0
6,Sunday,00:40,0
6,Sunday,00:45,0
6,Sunday,00:50,0
6,Sunday,00:55,0
6,Sunday,01:00,0
6,Sunday,01:05,0
6,Sunday,01:10,0
6,Sunday,01:15,0
6,Sunday,01:20,0
6,Sunday,01:25,0
6,Sunday,01:30,0
6,Sunday,01:35,0
6,Sunday,01:40,0
6,Sunday,01:45,0
6,Sunday,01:50,0
6,Sunday,01:55,0
6,Sunday,02:00,8
6,Sunday,02:05,8
6,Sunday,02:10,8
6,Sunday,02:15,8
6,Sunday,02:20,8
6,Sunday,02:25,8
6,Sunday,02:30,0
6,Sunday,02:35,0
6,Sunday,02:40,0
6,Sunday,02:45,0
6,Sunday,02:50,0
6,Sunday,02:55,0
6,Sunday,03:00,0
6,Sunday,03:05,0
6,Sunday,03:10,0
6,Sunday,03:15,0
6,Sunday,03:20,0
6,Sunday,03:25,0
6,Sunday,03:30,0
6,Sunday,03:35,0
6,Sunday,03:40,0
6,Sunday,03:45,0
6,Sunday,03:50,0
6,Sunday,03:55,0
6,Sunday,04:00,2
6,Sunday,04:05,2
6,Sunday,04:10,2
6,Sunday,04:15,2
6,Sunday,04:20,2
6,Sunday,04:25,2
6,Sunday,04:30,0
6,Sunday,04:35,0
6,Sunday,04:40,0
6,Sunday,04:45,0
6,Sunday,04:50,0
6,Sunday,04:55,0
6,Sunday,05:00,0
6,Sunday,05:05,0
6,Sunday,05:10,0
6,Sunday,05:15,0
6,Sunday,05:20,0
6,Sunday,05:25,0
6,Sunday,05:30,0
6,Sunday,05:35,0
6,Sunday,05:40,1
6,Sunday,05:45,2
6,Sunday,05:50,2
6,Sunday,05:55,3
6,Sunday,06:00,6
6,Sunday,06:05,7
6,Sunday,06:10,8
6,Sunday,06:15,9
6,Sunday,06:20,11
6,Sunday,06:25,12
6,Sunday,06:30,21
6,Sunday,06:35,22
6,Sunday,06:40,22
6,Sunday,06:45,23
6,Sunday,06:50,23
6,Sunday,06:55,24
6,Sunday,07:00,16
6,Sunday,07:05,17
6,Sunday,07:10,17
6,Sunday,07:15,18
6,Sunday,07:20,18
6,Sunday,07:25,18
6,Sunday,07:30,18
6,Sunday,07:35,19
6,Sunday,07:40,19
6,Sunday,07:45,19
6,Sunday,07:50,19
6,Sunday,07:55,18
6,Sunday,08:00,18
6,Sunday,08:05,18
6,Sunday,08:10,18
6,Sunday,08:15,17
6,Sunday,08:20,17
6,Sunday,08:25,17
6,Sunday,08:30,21
6,Sunday,08:35,21
6,Sunday,08:40,20
6,Sunday,08:45,19
6,Sunday,08:50,19
6,Sunday,08:55,18
6,Sunday,09:00,13
6,Sunday,09:05,12
6,Sunday,09:10,11
6,Sunday,09:15,11
6,Sunday,09:20,10
6,Sunday,09:25,9
6,Sunday,09:30,9
6,Sunday,09:35,8
6,Sunday,09:40,8
6,Sunday,09:45,7
6,Sunday,09:50,7
6,Sunday,09:55,6
6,Sunday,10:00,6
6,Sunday,10:05,6
6,Sunday,10:10,6
6,Sunday,10:15,8
6,Sunday,10:20,11
6,Sunday,10:25,14
6,Sunday,10:30,17
6,Sunday,10:35,15
6,Sunday,10:40,11
6,Sunday,10:45,8
6,Sunday,10:50,6
6,Sunday,10:55,5
6,Sunday,11:00,4
6,Sunday,11:05,4
6,Sunday,11:10,4
6,Sunday,11:15,4
6,Sunday,11:20,4
6,Sunday,11:25,4
6,Sunday,11:30,1
6,Sunday,11:35,1
6,Sunday,11:40,1
6,Sunday,11:45,1
6,Sunday,11:50,1
6,Sunday,11:55,1
6,Sunday,12:00,6
6,Sunday,12:05,6
6,Sunday,12:10,6
6,Sunday,12:15,6
6,Sunday,12:20,6
6,Sunday,12:25,6
6,Sunday,12:30,6
6,Sunday,12:35,6
6,Sunday,12:40,6
6,Sunday,12:45,6
6,Sunday,12:50,6
6,Sunday,12:55,6
6,Sunday,13:00,1
6,Sunday,13:05,1
6,Sunday,13:10,1
6,Sunday,13:15,0
6,Sunday,13:20,0
6,Sunday,13:25,0
6,Sunday,13:30,0
6,Sunday,13:35,3
6,Sunday,13:40,8
6,Sunday,13:45,13
6,Sunday,13:50,14
6,Sunday,13:55,11
6,Sunday,14:00,8
6,Sunday,14:05,5
6,Sunday,14:10,4
6,Sunday,14:15,4
6,Sunday,14:20,5
6,Sunday,14:25,5
6,Sunday,14:30,6
6,Sunday,14:35,6
6,Sunday,14:40,7
6,Sunday,14:45,10
6,Sunday,14:50,15
6,Sunday,14:55,21
6,Sunday,15:00,31
6,Sunday,15:05,32
6,Sunday,15:10,28
6,Sunday,15:15,24
6,Sunday,15:20,23
6,Sunday,15:25,26
6,Sunday,15:30,32
6,Sunday,15:35,37
6,Sunday,15:40,38
6,Sunday,15:45,34
6,Sunday,15:50,28
6,Sunday,15:55,24
6,Sunday,16:00,15
6,Sunday,16:05,15
6,Sunday,16:10,15
6,Sunday,16:15,16
6,Sunday,16:20,16
6,Sunday,16:25,17
6,Sunday,16:30,28
6,Sunday,16:35,28
6,Sunday,16:40,29
6,Sunday,16:45,29
6,Sunday,16:50,30
6,Sunday,16:55,30
6,Sunday,17:00,27
6,Sunday,17:05,28
6,Sunday,17:10,28
6,Sunday,17:15,28
6,Sunday,17:20,28
6,Sunday,17:25,28
6,Sunday,17:30,25
6,Sunday,17:35,25
6,Sunday,17:40,25
6,Sunday,17:45,25
6,Sunday,17:50,25
6,Sunday,17:55,25
6,Sunday,18:00,23
6,Sunday,18:05,22
6,Sunday,18:10,22
6,Sunday,18:15,22
6,Sunday,18:20,21
6,Sunday,18:25,21
6,Sunday,18:30,25
6,Sunday,18:35,25
6,Sunday,18:40,24
6,Sunday,18:45,24
6,Sunday,18:50,23
6,Sunday,18:55,23
6,Sunday,19:00,19
6,Sunday,19:05,18
6,Sunday,19:10,18
6,Sunday,19:15,17
6,Sunday,19:20,16
6,Sunday,19:25,16
6,Sunday,19:30,13
6,Sunday,19:35,12
6,Sunday,19:40,12
6,Sunday,19:45,11
6,Sunday,19:50,10
6,Sunday,19:55,10
6,Sunday,20:00,9
6,Sunday,20:05,9
6,Sunday,20:10,8
6,Sunday,20:15,8
6,Sunday,20:20,7
6,Sunday,20:25,7
6,Sunday,20:30,8
6,Sunday,20:35,8
6,Sunday,20:40,8
6,Sunday,20:45,10
6,Sunday,20:50,13
6,Sunday,20:55,18
6,Sunday,21:00,17
6,Sunday,21:05,16
6,Sunday,21:10,12
6,Sunday,21:15,7
6,Sunday,21:20,3
6,Sunday,21:25,1
6,Sunday,21:30,3
6,Sunday,21:35,2
6,Sunday,21:40,2
6,Sunday,21:45,2
6,Sunday,21:50,2
6,Sunday,21:55,2
6,Sunday,22:00,0
6,Sunday,22:05,0
6,Sunday,22:10,0
6,Sunday,22:15,0
6,Sunday,22:20,0
6,Sunday,22:25,0
6,Sunday,22:30,1
6,Sunday,22:35,1
6,Sunday,22:40,1
6,Sunday,22:45,1
6,Sunday,22:50,0
6,Sunday,22:55,0
6,Sunday,23:00,8
6,Sunday,23:05,8
6,Sunday,23:10,8
6,Sunday,23:15,8
6,Sunday,23:20,8
6,Sunday,23:25,8
6,Sunday,23:30,0
6,Sunday,23:35,0
6,Sunday,23:40,0
6,Sunday,23:45,0
6,Sunday,23:50,0
6,Sunday,23:55,0
